"Family","Genus","epithet","max","q975","n","type","maxF","q975F","nF","typeF","nT","nsap","finalType"
"Capparaceae","Neocalyptrocalyx","leprieurii",8.1,5.105,80,"understory?",-Inf,NA,0,NA,80,79,"understory?"
"Piperaceae","Piper","alatabaccum",23.5,7.81749999999992,72,"understory?",-Inf,NA,0,NA,72,70,"understory?"
"Chrysobalanaceae","Hirtella","physophora",10.1,7.79,69,"understory?",-Inf,NA,0,NA,69,59,"understory?"
"Linaceae","Roucheria","punctata",12.3,10.5,77,"understory?",-Inf,NA,0,NA,77,57,"understory?"
"Apocynaceae","Tabernaemontana","undulata",9.7,9.0125,72,"understory?",-Inf,NA,0,NA,72,55,"understory?"
"Sapindaceae","Matayba","inelegans",18.5,12.47,69,"understory?",14,13.775,10,"understory?",79,49,"understory?"
"Simaroubaceae","Simaba","cedron",11.9,10.09,82,"understory?",12,11.95,3,"understory?",85,48,"understory?"
"Urticaceae","Pourouma","cuspidata",11.2,10.195,83,"understory?",-Inf,NA,0,NA,83,47,"understory?"
"Araliaceae","Schefflera","morototoni",6.4,5.8,49,"understory?",-Inf,NA,0,NA,49,46,"understory?"
"Meliaceae","Trichilia","pleeana",11.8,9.325,51,"understory?",11,11,5,"understory?",56,45,"understory?"
"Burseraceae","Protium","aracouchini",15.6,11.73,69,"understory?",14,13.3,29,"understory?",98,44,"understory?"
"Burseraceae","Protium","ferrugineum",12.4,10.5175,60,"understory?",12,11.975,2,"understory?",62,44,"understory?"
"Phyllanthaceae","Amanoa","guianensis",18.1,14.96,89,"understory?",-Inf,NA,0,NA,89,44,"understory?"
"Rubiaceae","Duroia","macrophylla",13.1,12.5125,66,"understory?",14,14,14,"understory?",80,44,"understory?"
"Arecaceae","Iriartella","setigera",5.8,5.5625,46,"understory?",-Inf,NA,0,NA,46,44,"understory?"
"Sapotaceae","Chromolucuma","rubriflora",22.1,12.15,61,"understory?",13,13,5,"understory?",66,42,"understory?"
"Melastomataceae","Miconia","dispar",9.7,8.7575,58,"understory?",14,13.45,12,"understory?",70,40,"understory?"
"Sapindaceae","Cupania","scrobiculata",14,9.88,57,"understory?",-Inf,NA,0,NA,57,40,"understory?"
"Chrysobalanaceae","Hirtella","duckei",7.4,5.8925,42,"understory?",-Inf,NA,0,NA,42,39,"understory?"
"Myrsinaceae","Cybianthus","guyanensis",6.7,6.55,46,"understory?",-Inf,NA,0,NA,46,38,"understory?"
"Meliaceae","Trichilia","areolata",12,9.81,67,"understory?",13,13,25,"understory?",92,37,"understory?"
"Rhizophoraceae","Cassipourea","guianensis",16.8,13.31,53,"understory?",-Inf,NA,0,NA,53,37,"understory?"
"Humiriaceae","Vantanea","guianensis",23.6,13.1,61,"understory?",-Inf,NA,0,NA,61,37,"understory?"
"Picramniaceae","Picramnia","juniniana",8.9,8,48,"understory?",-Inf,NA,0,NA,48,37,"understory?"
"Rubiaceae","Cordiera","myrciifolia",10.5,10.01,53,"understory?",-Inf,NA,0,NA,53,37,"understory?"
"Olacaceae","Dulacia","candida",13.6,12.6,61,"understory?",0,0,1,"understory?",62,36,"understory?"
"Hypericaceae","Vismia","cauliflora",6.3,5.94,37,"understory?",-Inf,NA,0,NA,37,35,"understory?"
"Fabaceae","Cynometra","marginata",14.4,13.7525,60,"understory?",-Inf,NA,0,NA,60,34,"understory?"
"Meliaceae","Trichilia","micropetala",13,10.9325,62,"understory?",13,13,5,"understory?",67,34,"understory?"
"Burseraceae","Protium","nitidifolium",11,8.4775,54,"understory?",15,14.4,13,"understory?",67,34,"understory?"
"Rubiaceae","Coussarea","racemosa",13,12.5,61,"understory?",15,14.3,15,"understory?",76,34,"understory?"
"Fabaceae","Swartzia","cuspidata",13.3,10.66,67,"understory?",-Inf,NA,0,NA,67,33,"understory?"
"Sapindaceae","Allophylus","latifolius",11.6,10.53,88,"understory?",10,10,1,"understory?",89,32,"understory?"
"Sapindaceae","Matayba","purgans",8.5,6.995,42,"understory?",13,13,2,"understory?",44,32,"understory?"
"Fabaceae","Swartzia","manausensis",18.2,11.6,55,"understory?",13,12.85,7,"understory?",62,31,"understory?"
"Myrtaceae","Myrcia","bracteata",10.5,8.41,50,"understory?",12,11.925,4,"understory?",54,30,"understory?"
"Malvaceae","Quararibea","ochrocalyx",20.8,13.3375,54,"understory?",-Inf,NA,0,NA,54,30,"understory?"
"Simaroubaceae","Simaba","polyphylla",12.7,10.8,73,"understory?",14,14,21,"understory?",94,30,"understory?"
"Rubiaceae","Ixora","intensa",5.1,4.82,29,"understory?",-Inf,NA,0,NA,29,29,"understory?"
"Monimiaceae","Mollinedia","ovata",5.7,5.4825,30,"understory?",-Inf,NA,0,NA,30,29,"understory?"
"Burseraceae","Protium","grandifolium",12.7,11.6,55,"understory?",12,12,4,"understory?",59,28,"understory?"
"Fabaceae","Derris","negrensis",4.7,4.4975,28,"understory?",-Inf,NA,0,NA,28,28,"understory?"
"Sapotaceae","Pouteria","coriacea",9.8,8.6625,36,"understory?",11,11,4,"understory?",40,27,"understory?"
"Rubiaceae","Duroia","saccifera",12,11.565,55,"understory?",13,13,16,"understory?",71,27,"understory?"
"Arecaceae","Bactris","tomentosa",4.3,4.025,23,"understory?",-Inf,NA,0,NA,23,23,"understory?"
"Burseraceae","Protium","elegans",22.2,12.8225,32,"understory?",-Inf,NA,0,NA,32,22,"understory?"
"Meliaceae","Trichilia","schomburgkii",11.2,9.6775,30,"understory?",14,13.975,2,"understory?",32,22,"understory?"
"Sapotaceae","Pouteria","decorticans",11.8,10.675,31,"understory?",16,15.3,29,"understory?",60,21,"understory?"
"Malvaceae","Eriotheca","globosa",12.8,12.04,45,"understory?",15,14.725,12,"understory?",57,21,"understory?"
"Lauraceae","Ocotea","cujumary",15.2,10.3125,24,"understory?",-Inf,NA,0,NA,24,20,"understory?"
"Quiinaceae","Touroulia","guianensis",16.7,14.39,43,"understory?",15,15,17,"understory?",60,20,"understory?"
"Fabaceae","Machaerium","macrophyllum",5.6,5.4575,20,"understory?",-Inf,NA,0,NA,20,19,"understory?"
"Anacardiaceae","Thyrsodium","spruceanum",14.9,13.49,43,"understory?",13,12.8,9,"understory?",52,19,"understory?"
"Humiriaceae","Sacoglottis","ceratocarpa",11,9.63499999999999,22,"understory?",-Inf,NA,0,NA,22,18,"understory?"
"Fabaceae","Inga","heterophylla",21.3,15.3,21,"understory?",-Inf,NA,0,NA,21,18,"understory?"
"Rubiaceae","Kutchubaea","insignis",7.6,7.2875,26,"understory?",-Inf,NA,0,NA,26,18,"understory?"
"Myrsinaceae","Cybianthus","longifolius",9.4,7.525,31,"understory?",-Inf,NA,0,NA,31,18,"understory?"
"Lecythidaceae","Eschweilera","bracteosa",10.6,10.21,27,"understory?",17,15.425,22,"understory?",49,17,"understory?"
"Fabaceae","Machaerium","quinata",4.4,4.32,17,"understory?",-Inf,NA,0,NA,17,17,"understory?"
"Rubiaceae","Palicourea","amapaensis",9.2,8.045,23,"understory?",-Inf,NA,0,NA,23,16,"understory?"
"Myrtaceae","Calyptranthes","cuspidata",10.1,9.5825,24,"understory?",14,13.7,13,"understory?",37,16,"understory?"
"Moraceae","Perebea","guianensis",13,10.2925,20,"understory?",11,10.725,2,"understory?",22,16,"understory?"
"Rubiaceae","Chomelia","tenuiflora",9.7,9.325,31,"understory?",11,11,2,"understory?",33,16,"understory?"
"Arecaceae","Hyospathe","elegans",4.4,4.33,15,"understory?",-Inf,NA,0,NA,15,15,"understory?"
"Annonaceae","Guatteriopsis","friesiana",6.7,6.58,17,"understory?",-Inf,NA,0,NA,17,15,"understory?"
"Elaeocarpaceae","Sloanea","guianensis",8.3,7.445,19,"understory?",15,14.575,18,"understory?",37,15,"understory?"
"Piperaceae","Piper","gurupanum",13.5,10.0875,16,"understory?",-Inf,NA,0,NA,16,15,"understory?"
"Myrtaceae","Eugenia","illepida",5.6,5.525,16,"understory?",-Inf,NA,0,NA,16,15,"understory?"
"Hypericaceae","Vismia","sandwithii",10.7,9.32,24,"understory?",-Inf,NA,0,NA,24,15,"understory?"
"Nyctaginaceae","Pisonia","tomentosa",16.3,14.8,41,"understory?",14,14,12,"understory?",53,15,"understory?"
"Ebenaceae","Diospyros","cavalcantei",10.8,10.74,25,"understory?",-Inf,NA,0,NA,25,14,"understory?"
"Malpighiaceae","Byrsonima","crispa",16,14.92,37,"understory?",15,15,1,"understory?",38,14,"understory?"
"Sapindaceae","Talisia","japurensis",7.9,7.55,21,"understory?",-Inf,NA,0,NA,21,14,"understory?"
"Sapindaceae","Talisia","praealta",11.9,10.05,21,"understory?",-Inf,NA,0,NA,21,14,"understory?"
"Moraceae","Naucleopsis","stipularis",8.3,7.575,30,"understory?",-Inf,NA,0,NA,30,14,"understory?"
"Annonaceae","Ephedranthus","amazonicus",13.8,12.88,42,"understory?",14,13.05,39,"understory?",81,13,"understory?"
"Rubiaceae","Palicourea","corymbifera",4.5,4.47,13,"understory?",-Inf,NA,0,NA,13,13,"understory?"
"Rhizophoraceae","Sterigmapetalum","obovatum",12.6,11.79,19,"understory?",15,15,1,"understory?",20,13,"understory?"
"Melastomataceae","Miconia","phanerostila",8.6,7.79,19,"understory?",12,12,6,"understory?",25,13,"understory?"
"Salicaceae","Casearia","pitumba",11.3,11.0875,18,"understory?",11,11,2,"understory?",20,13,"understory?"
"Annonaceae","Guatteria","poeppigiana",9.6,9.14,24,"understory?",-Inf,NA,0,NA,24,13,"understory?"
"Burseraceae","Crepidospermum","rhoifolium",10.9,10.2,21,"understory?",13,13,9,"understory?",30,13,"understory?"
"Fabaceae","Andira","trifoliolata",8.4,7.3275,14,"understory?",13,12.675,14,"understory?",28,13,"understory?"
"Fabaceae","Swartzia","brachyrachis",12.6,12.12,17,"understory?",12,12,6,"understory?",23,12,"understory?"
"Ebenaceae","Diospyros","bullata",9.2,8.9375,36,"understory?",-Inf,NA,0,NA,36,11,"understory?"
"Violaceae","Paypayrola","grandiflora",11.7,11.1475,18,"understory?",18,15.375,22,"understory?",40,11,"understory?"
"Salicaceae","Casearia","negrensis",10.5,9.565,18,"understory?",11,10.9,5,"understory?",23,11,"understory?"
"Rubiaceae","Kutchubaea","sericantha",8.9,8.7875,16,"understory?",-Inf,NA,0,NA,16,11,"understory?"
"Olacaceae","Heisteria","densifrons",7.5,7.37,14,"understory?",-Inf,NA,0,NA,14,10,"understory?"
"Nyctaginaceae","Neea","madeirana",12.6,12.5,21,"understory?",14,13.95,3,"understory?",24,10,"understory?"
"Myrtaceae","Myrcia","magnoliifolia",14.8,14.135,15,"understory?",15,15,10,"understory?",25,10,"understory?"
"Arecaceae","Bactris","maraja",5.1,5.0775,10,"understory?",-Inf,NA,0,NA,10,10,"understory?"
"Elaeocarpaceae","Sloanea","nitida",8.6,8.215,12,"understory?",-Inf,NA,0,NA,12,10,"understory?"
"Sapindaceae","Matayba","peruviana",12.1,11.2225,14,"understory?",-Inf,NA,0,NA,14,10,"understory?"
"Siparunaceae","Siparuna","sarmentosa",12.4,11.875,15,"understory?",-Inf,NA,0,NA,15,10,"understory?"
"Fabaceae","Inga","auristellae",9.6,9.6,17,"understory?",11,11,1,"understory?",18,9,"understory?"
"Sapindaceae","Talisia","eximia",7.8,7.38,13,"understory?",-Inf,NA,0,NA,13,9,"understory?"
"Meliaceae","Trichilia","micrantha",12.1,10.8625,12,"understory?",14,13.55,7,"understory?",19,9,"understory?"
"Annonaceae","Pseudoxandra","obscurinervis",5.8,5.75,11,"understory?",13,13,6,"understory?",17,9,"understory?"
"Annonaceae","Guatteriopsis","blepharophylla",6.9,6.6075,10,"understory?",-Inf,NA,0,NA,10,8,"understory?"
"Urticaceae","Pourouma","cordata",7.6,7.33,10,"understory?",-Inf,NA,0,NA,10,8,"understory?"
"Rutaceae","Adiscanthus","fusciflorus",4.3,4.2825,8,"understory?",-Inf,NA,0,NA,8,8,"understory?"
"Euphorbiaceae","Conceveiba","guianensis",15.7,13.915,35,"understory?",15,14.9,3,"understory?",38,8,"understory?"
"Melastomataceae","Miconia","holosericea",7.6,7.45,11,"understory?",10,10,1,"understory?",12,8,"understory?"
"Rutaceae","Zanthoxylum","huberi",11.9,11.75,21,"understory?",13,13,1,"understory?",22,8,"understory?"
"Fabaceae","Parkia","igneiflora",13,11.7325,14,"understory?",12,12,1,"understory?",15,8,"understory?"
"Sapotaceae","Pouteria","petiolata",9.2,8.75,10,"understory?",14,13.95,3,"understory?",13,8,"understory?"
"Chrysobalanaceae","Licania","prismatocarpa",15.2,14.375,12,"understory?",11,10.975,2,"understory?",14,8,"understory?"
"Chrysobalanaceae","Licania","reticulata",7.8,7.475,11,"understory?",12,12,1,"understory?",12,8,"understory?"
"Fabaceae","Inga","suberosa",6.6,6.6,10,"understory?",14,14,2,"understory?",12,8,"understory?"
"Chrysobalanaceae","Hirtella","caudata",5.6,5.5825,8,"understory?",-Inf,NA,0,NA,8,7,"understory?"
"Quiinaceae","Lacunaria","crenata",12.6,11.825,11,"understory?",14,13.925,4,"understory?",15,7,"understory?"
"Sapindaceae","Matayba","elegans",9.8,9.28,9,"understory?",11,11,1,"understory?",10,7,"understory?"
"Meliaceae","Guarea","humaitensis",13.9,12.91,12,"understory?",15,15,40,"understory?",52,7,"understory?"
"Moraceae","Clarisia","ilicifolia",9.1,8.6325,12,"understory?",11,10.975,2,"understory?",14,7,"understory?"
"Burseraceae","Protium","pallidum",13.4,12.0725,10,"understory?",15,14.475,8,"understory?",18,7,"understory?"
"Annonaceae","Guatteria","scytophylla",8.6,8.3975,10,"understory?",11,11,1,"understory?",11,7,"understory?"
"Melastomataceae","Miconia","traillii",8.2,7.85,11,"understory?",-Inf,NA,0,NA,11,7,"understory?"
"Lacistemataceae","Lacistema","aggregatum",14.1,13.8525,12,"understory?",16,15.2,33,"understory?",45,6,"understory?"
"Sapindaceae","Matayba","guianensis",10,9.22,7,"understory?",-Inf,NA,0,NA,7,6,"understory?"
"Myristicaceae","Iryanthera","juruensis",15,14.35,14,"understory?",15,15,23,"understory?",37,6,"understory?"
"Burseraceae","Protium","krukoffii",9.1,8.575,8,"understory?",16,15.075,38,"understory?",46,6,"understory?"
"Melastomataceae","Miconia","longispicata",7.5,7.2025,8,"understory?",13,13,7,"understory?",15,6,"understory?"
"Siparunaceae","Siparuna","monogyna",6.2,6.2,8,"understory?",-Inf,NA,0,NA,8,6,"understory?"
"Chrysobalanaceae","Couepia","obovata",10.6,9.685,7,"understory?",15,14.9,3,"understory?",10,6,"understory?"
"Lauraceae","Aniba","parviflora",12.5,11.78,9,"understory?",-Inf,NA,0,NA,9,6,"understory?"
"Picramniaceae","Picramnia","antidesma",8.2,7.9,7,"understory?",-Inf,NA,0,NA,7,5,"understory?"
"Melastomataceae","Henriettea","caudata",4.4,4.39,5,"understory?",-Inf,NA,0,NA,5,5,"understory?"
"Rubiaceae","Faramea","corymbosa",12.2,11.8,17,"understory?",-Inf,NA,0,NA,17,5,"understory?"
"Malvaceae","Pachira","macrocalyx",7.4,7.35,11,"understory?",-Inf,NA,0,NA,11,5,"understory?"
"Myrtaceae","Eugenia","protenta",5.5,5.43,5,"understory?",-Inf,NA,0,NA,5,5,"understory?"
"Chrysobalanaceae","Couepia","rankiniae",14.3,13.915,12,"understory?",-Inf,NA,0,NA,12,5,"understory?"
"Lamiaceae","Vitex","triflora",12.8,12.6125,16,"understory?",13,13,8,"understory?",24,5,"understory?"
"Urticaceae","Pourouma","cecropiifolia",10.3,9.7575,8,"understory?",-Inf,NA,0,NA,8,4,"understory?"
"Solanaceae","Solanum","fulvidum",5.2,5.1625,4,"understory?",-Inf,NA,0,NA,4,4,"understory?"
"Apocynaceae","Lacmellea","gracilis",11.1,10.65,7,"understory?",12,12,4,"understory?",11,4,"understory?"
"Hypericaceae","Vismia","guianensis",9.4,9.3125,8,"understory?",14,13.975,2,"understory?",10,4,"understory?"
"Chrysobalanaceae","Licania","hirsuta",6.9,6.78,7,"understory?",15,15,11,"understory?",18,4,"understory?"
"Fabaceae","Abarema","laeta",4.2,4.185,4,"understory?",-Inf,NA,0,NA,4,4,"understory?"
"Lecythidaceae","Cariniana","legalis",5.5,5.4775,4,"understory?",-Inf,NA,0,NA,4,4,"understory?"
"Rubiaceae","Duroia","longiflora",3.8,3.7625,4,"understory?",-Inf,NA,0,NA,4,4,"understory?"
"Salicaceae","Casearia","manausensis",5.5,5.4025,4,"understory?",-Inf,NA,0,NA,4,4,"understory?"
"Myrtaceae","Calyptranthes","paniculata",10.9,10.27,7,"understory?",15,14.8,9,"understory?",16,4,"understory?"
"Violaceae","Rinorea","paniculata",5,4.91,4,"understory?",-Inf,NA,0,NA,4,4,"understory?"
"Siparunaceae","Siparuna","reginae",3.6,3.6,4,"understory?",-Inf,NA,0,NA,4,4,"understory?"
"Fabaceae","Senna","reticulata",10.8,10.23,5,"understory?",-Inf,NA,0,NA,5,4,"understory?"
"Piperaceae","Piper","amapense",4.2,4.155,3,"understory?",-Inf,NA,0,NA,3,3,"understory?"
"Arecaceae","Bactris","elegans",4.4,4.37,3,"understory?",-Inf,NA,0,NA,3,3,"understory?"
"Urticaceae","Pourouma","ferruginea",6.3,6.24,4,"understory?",-Inf,NA,0,NA,4,3,"understory?"
"Sapindaceae","Talisia","firma",7.6,7.48,5,"understory?",13,13,1,"understory?",6,3,"understory?"
"Fabaceae","Inga","graciliflora",5,4.975,3,"understory?",-Inf,NA,0,NA,3,3,"understory?"
"Salicaceae","Casearia","grandiflora",13.6,12.87,5,"understory?",-Inf,NA,0,NA,5,3,"understory?"
"Lacistemataceae","Lacistema","grandifolium",5.3,5.26,3,"understory?",12,12,16,"understory?",19,3,"understory?"
"Fabaceae","Stryphnodendron","guianense",5.1,5.075,3,"understory?",-Inf,NA,0,NA,3,3,"understory?"
"Stemonuraceae","Discophora","guianensis",10.3,9.9325,8,"understory?",-Inf,NA,0,NA,8,3,"understory?"
"Chrysobalanaceae","Hirtella","hispidula",3.9,3.9,3,"understory?",13,12.95,3,"understory?",6,3,"understory?"
"Oleaceae","Chionanthus","implicatus",5.4,5.305,3,"understory?",-Inf,NA,0,NA,3,3,"understory?"
"Fabaceae","Inga","laurina",8.9,8.7125,6,"understory?",-Inf,NA,0,NA,6,3,"understory?"
"Fabaceae","Swartzia","longistipitata",7.5,7.34,5,"understory?",-Inf,NA,0,NA,5,3,"understory?"
"Chrysobalanaceae","Hirtella","macrophylla",4.5,4.49,3,"understory?",-Inf,NA,0,NA,3,3,"understory?"
"Fabaceae","Inga","macrophylla",4.4,4.355,3,"understory?",-Inf,NA,0,NA,3,3,"understory?"
"Fabaceae","Hymenolobium","modestum",5.1,5.1,3,"understory?",-Inf,NA,0,NA,3,3,"understory?"
"Melastomataceae","Mouriri","nervosa",7.1,6.9275,4,"understory?",-Inf,NA,0,NA,4,3,"understory?"
"Myrtaceae","Eugenia","omissa",4.7,4.69,3,"understory?",-Inf,NA,0,NA,3,3,"understory?"
"Sapotaceae","Pouteria","pallens",5.6,5.5025,4,"understory?",16,15.35,14,"understory?",18,3,"understory?"
"Melastomataceae","Miconia","pubipetala",9.8,9.47,7,"understory?",-Inf,NA,0,NA,7,3,"understory?"
"Salicaceae","Ryania","pyrifera",4.7,4.685,3,"understory?",-Inf,NA,0,NA,3,3,"understory?"
"Myrtaceae","Eugenia","ramiflora",5.5,5.465,3,"understory?",-Inf,NA,0,NA,3,3,"understory?"
"Chrysobalanaceae","Hirtella","rodriguesii",6.8,6.73,5,"understory?",16,15.05,39,"understory?",44,3,"understory?"
"Lauraceae","Licaria","rodriguesii",3.9,3.87,3,"understory?",13,12.8,9,"understory?",12,3,"understory?"
"Meliaceae","Guarea","scabra",5.4,5.365,3,"understory?",15,14.85,7,"understory?",10,3,"understory?"
"Lauraceae","Endlicheria","sprucei",8.8,8.5225,4,"understory?",-Inf,NA,0,NA,4,3,"understory?"
"Euphorbiaceae","Mabea","subsessilis",6.4,6.3175,4,"understory?",11,11,1,"understory?",5,3,"understory?"
"Myristicaceae","Virola","venosa",15.1,14.875,10,"understory?",21,15,46,"understory?",56,3,"understory?"
"Lauraceae","Ocotea","amazonica",7.7,7.49,3,"understory?",10,10,2,"understory?",5,2,"understory?"
"Rhamnaceae","Ampelozizyphus","amazonicus",4.5,4.4775,2,"understory?",-Inf,NA,0,NA,2,2,"understory?"
"Symplocaceae","Symplocos","arechea",3.9,3.8925,2,"understory?",-Inf,NA,0,NA,2,2,"understory?"
"Lauraceae","Licaria","aureosericea",4.2,4.1825,2,"understory?",11,10.975,2,"understory?",4,2,"understory?"
"Peraceae","Pera","bicolor",16.3,15.04,7,"understory?",-Inf,NA,0,NA,7,2,"understory?"
"Melastomataceae","Miconia","biglandulosa",6.8,6.735,3,"understory?",-Inf,NA,0,NA,3,2,"understory?"
"Lauraceae","Endlicheria","bracteata",4.2,4.1825,2,"understory?",11,10.975,2,"understory?",4,2,"understory?"
"Chrysobalanaceae","Couepia","canomensis",10,9.9325,10,"understory?",12,11.925,4,"understory?",14,2,"understory?"
"Fabaceae","Cedrelinga","cateniformis",5.8,5.775,3,"understory?",-Inf,NA,0,NA,3,2,"understory?"
"Melastomataceae","Miconia","caudata",4.6,4.5825,2,"understory?",-Inf,NA,0,NA,2,2,"understory?"
"Malvaceae","Rhodognaphalopsis","duckei",5.5,5.4775,2,"understory?",-Inf,NA,0,NA,2,2,"understory?"
"Melastomataceae","Miconia","eriodonta",6.3,6.185,3,"understory?",-Inf,NA,0,NA,3,2,"understory?"
"Sapotaceae","Pouteria","escalarinerve",4.2,4.2,2,"understory?",-Inf,NA,0,NA,2,2,"understory?"
"Violaceae","Rinorea","flavescnes",3.9,3.89,2,"understory?",-Inf,NA,0,NA,2,2,"understory?"
"Apocynaceae","Tabernaemontana","flavicans",4.7,4.695,2,"understory?",-Inf,NA,0,NA,2,2,"understory?"
"Fabaceae","Derris","floribunda",4.5,4.4825,2,"understory?",-Inf,NA,0,NA,2,2,"understory?"
"Loganiaceae","Strychnos","froesii",3.9,3.89,2,"understory?",-Inf,NA,0,NA,2,2,"understory?"
"Styracaceae","Styrax","guyanensis",12.8,12.435,3,"understory?",-Inf,NA,0,NA,3,2,"understory?"
"Fabaceae","Aldina","heterophylla",3.3,3.3,2,"understory?",-Inf,NA,0,NA,2,2,"understory?"
"Fabaceae","Inga","huberi",7,6.87,3,"understory?",-Inf,NA,0,NA,3,2,"understory?"
"Burseraceae","Protium","macrosepalum",4.3,4.2875,2,"understory?",-Inf,NA,0,NA,2,2,"understory?"
"Lauraceae","Aniba","megaphylla",6.5,6.485,4,"understory?",-Inf,NA,0,NA,4,2,"understory?"
"Proteaceae","Roupala","montana",11.2,10.915,3,"understory?",-Inf,NA,0,NA,3,2,"understory?"
"Celastraceae","Salacia","multiflora",5.4,5.355,2,"understory?",-Inf,NA,0,NA,2,2,"understory?"
"Fabaceae","Machaerium","multifoliolatum",3.8,3.7875,2,"understory?",-Inf,NA,0,NA,2,2,"understory?"
"Annonaceae","Xylopia","nitida",8,7.83,3,"understory?",-Inf,NA,0,NA,3,2,"understory?"
"Fabaceae","Inga","panurensis",5.1,5.0525,2,"understory?",-Inf,NA,0,NA,2,2,"understory?"
"Sapindaceae","Serjania","paucidentata",4.2,4.19,2,"understory?",-Inf,NA,0,NA,2,2,"understory?"
"Urticaceae","Pourouma","pilosa",4.3,4.2975,2,"understory?",-Inf,NA,0,NA,2,2,"understory?"
"Lacistemataceae","Lacistema","polystachyum",6.2,6.07,3,"understory?",-Inf,NA,0,NA,3,2,"understory?"
"Myrsinaceae","Cybianthus","pseudoicacoreus",3.6,3.59,2,"understory?",-Inf,NA,0,NA,2,2,"understory?"
"Moraceae","Sorocea","pubivena",4.3,4.275,2,"understory?",-Inf,NA,0,NA,2,2,"understory?"
"Quiinaceae","Lacunaria","racemosa",5,4.99,2,"understory?",-Inf,NA,0,NA,2,2,"understory?"
"Dichapetalaceae","Dichapetalum","spruceanum",3.6,3.5975,2,"understory?",-Inf,NA,0,NA,2,2,"understory?"
"Sapotaceae","Micropholis","submarginalis",10.6,10.465,4,"understory?",10,10,1,"understory?",5,2,"understory?"
"Lauraceae","Ocotea","subterminalis",5,4.99,2,"understory?",15,15,9,"understory?",11,2,"understory?"
"Apocynaceae","Himatanthus","sucuuba",4.3,4.2825,2,"understory?",-Inf,NA,0,NA,2,2,"understory?"
"Rubiaceae","Morinda","triphylla",6.6,6.48,3,"understory?",-Inf,NA,0,NA,3,2,"understory?"
"Myristicaceae","Iryanthera","ulei",4.4,4.3875,2,"understory?",15,14.95,3,"understory?",5,2,"understory?"
"Fabaceae","Inga","umbellifera",4.5,4.475,2,"understory?",14,13.875,6,"understory?",8,2,"understory?"
"Lauraceae","Aniba","williamsii",12.1,11.685,3,"understory?",15,14.5,11,"understory?",14,2,"understory?"
"Clusiaceae","Garcinia","acuminata",10.3,10.155,2,"understory?",-Inf,NA,0,NA,2,1,"understory?"
"Sapindaceae","Talisia","allenii",4.4,4.4,1,"understory?",-Inf,NA,0,NA,1,1,"understory?"
"Annonaceae","Xylopia","amazonica",5.9,5.8575,2,"understory?",15,14.775,4,"understory?",6,1,"understory?"
"Rhabdodendraceae","Rhabdodendron","amazonicum",6.8,6.72,2,"understory?",13,13,4,"understory?",6,1,"understory?"
"Myrsinaceae","Cybianthus","amplus",3.5,3.5,1,"understory?",-Inf,NA,0,NA,1,1,"understory?"
"Melastomataceae","Mouriri","angulicosta",3.9,3.9,1,"understory?",-Inf,NA,0,NA,1,1,"understory?"
"Rubiaceae","Palicourea","anisoloba",3.8,3.8,1,"understory?",-Inf,NA,0,NA,1,1,"understory?"
"Rubiaceae","Psychotria","astrellantha",5.4,5.4,1,"understory?",-Inf,NA,0,NA,1,1,"understory?"
"Annonaceae","Xylopia","benthamii",9.1,8.9525,2,"understory?",13,13,4,"understory?",6,1,"understory?"
"Lauraceae","Ocotea","boissieriana",8.8,8.68,2,"understory?",-Inf,NA,0,NA,2,1,"understory?"
"Lauraceae","Paraia","bracteata",4.3,4.3,1,"understory?",-Inf,NA,0,NA,1,1,"understory?"
"Chrysobalanaceae","Couepia","bracteosa",6.3,6.23,2,"understory?",12,11.95,3,"understory?",5,1,"understory?"
"Fabaceae","Inga","bracteosa",6.9,6.8075,2,"understory?",-Inf,NA,0,NA,2,1,"understory?"
"Chrysobalanaceae","Hirtella","burchellii",4.2,4.2,1,"understory?",-Inf,NA,0,NA,1,1,"understory?"
"Moraceae","Maquira","calophylla",10.3,10.195,3,"understory?",15,14.5,21,"understory?",24,1,"understory?"
"Clusiaceae","Tovomita","carinata",3.3,3.3,1,"understory?",-Inf,NA,0,NA,1,1,"understory?"
"Sapotaceae","Micropholis","casiquiarensis",4.2,4.2,1,"understory?",-Inf,NA,0,NA,1,1,"understory?"
"Euphorbiaceae","Mabea","caudata",4.2,4.2,1,"understory?",-Inf,NA,0,NA,1,1,"understory?"
"Melastomataceae","Mouriri","cauliflora",5,5,1,"understory?",-Inf,NA,0,NA,1,1,"understory?"
"Fabaceae","Inga","cayennensis",3.3,3.3,1,"understory?",14,14,1,"understory?",2,1,"understory?"
"Lauraceae","Ocotea","cernua",7.2,7.155,2,"understory?",14,14,4,"understory?",6,1,"understory?"
"Lauraceae","Endlicheria","chalisea",5.6,5.565,2,"understory?",13,13,1,"understory?",3,1,"understory?"
"Meliaceae","Guarea","cinnamomea",8.4,8.385,4,"understory?",-Inf,NA,0,NA,4,1,"understory?"
"Fabaceae","Hymenaea","courbaril",4.5,4.5,1,"understory?",-Inf,NA,0,NA,1,1,"understory?"
"Siparunaceae","Siparuna","cristata",4.3,4.3,1,"understory?",-Inf,NA,0,NA,1,1,"understory?"
"Arecaceae","Bactris","cuspidata",4.8,4.8,1,"understory?",-Inf,NA,0,NA,1,1,"understory?"
"Violaceae","Leonia","cymosa",3.3,3.3,1,"understory?",11,11,3,"understory?",4,1,"understory?"
"Thymelaeaceae","Schoenobiblus","daphnoides",3.9,3.9,1,"understory?",-Inf,NA,0,NA,1,1,"understory?"
"Myrtaceae","Eugenia","diplocampta",4.3,4.3,1,"understory?",12,12,2,"understory?",3,1,"understory?"
"Salicaceae","Casearia","duckeana",12.9,12.69,2,"understory?",12,12,5,"understory?",7,1,"understory?"
"Chrysobalanaceae","Licania","elliptica",6.7,6.645,2,"understory?",12,11.925,4,"understory?",6,1,"understory?"
"Chrysobalanaceae","Couepia","eriantha",5.5,5.5,1,"understory?",-Inf,NA,0,NA,1,1,"understory?"
"Meliaceae","Trichilia","euneura",3.6,3.6,1,"understory?",15,14.9,3,"understory?",4,1,"understory?"
"Annonaceae","Cymbopetalum","euneurum",3.8,3.8,1,"understory?",-Inf,NA,0,NA,1,1,"understory?"
"Annonaceae","Annona","excellens",4.5,4.5,1,"understory?",-Inf,NA,0,NA,1,1,"understory?"
"Elaeocarpaceae","Sloanea","fendleriana",3.2,3.2,1,"understory?",15,15,4,"understory?",5,1,"understory?"
"Myrtaceae","Eugenia","florida",4.6,4.6,1,"understory?",14,14,2,"understory?",3,1,"understory?"
"Siparunaceae","Siparuna","glycycarpa",9.1,8.97,2,"understory?",-Inf,NA,0,NA,2,1,"understory?"
"Chrysobalanaceae","Licania","gracilipes",5.6,5.5425,2,"understory?",-Inf,NA,0,NA,2,1,"understory?"
"Fabaceae","Eperua","grandiflora",8.5,8.485,4,"understory?",-Inf,NA,0,NA,4,1,"understory?"
"Melastomataceae","Bellucia","grossularioides",13.3,12.94,3,"understory?",10,9.75,2,"understory?",5,1,"understory?"
"Anacardiaceae","Thyrsodium","guianense",4.7,4.7,1,"understory?",-Inf,NA,0,NA,1,1,"understory?"
"Annonaceae","Duguetia","guianensis",4,4,1,"understory?",-Inf,NA,0,NA,1,1,"understory?"
"Rubiaceae","Palicourea","guianensis",3.6,3.6,1,"understory?",10,10,1,"understory?",2,1,"understory?"
"Fabaceae","Tachigali","guianensis",3.6,3.6,1,"understory?",-Inf,NA,0,NA,1,1,"understory?"
"Fabaceae","Hymenolobium","heterocarpum",7.1,7.07,3,"understory?",-Inf,NA,0,NA,3,1,"understory?"
"Celastraceae","Cheiloclinium","hippocrateoides",4.4,4.4,1,"understory?",-Inf,NA,0,NA,1,1,"understory?"
"Linaceae","Hebepetalum","humiriifolium",3.2,3.2,1,"understory?",-Inf,NA,0,NA,1,1,"understory?"
"Celastraceae","Salacia","impressifolia",3.2,3.2,1,"understory?",-Inf,NA,0,NA,1,1,"understory?"
"Fabaceae","Clitoria","javitensis",3.2,3.2,1,"understory?",-Inf,NA,0,NA,1,1,"understory?"
"Elaeocarpaceae","Sloanea","latifolia",5.7,5.67,2,"understory?",-Inf,NA,0,NA,2,1,"understory?"
"Melastomataceae","Miconia","lepidota",4.6,4.6,1,"understory?",-Inf,NA,0,NA,1,1,"understory?"
"Solanaceae","Solanum","leucocarpon",3.5,3.5,1,"understory?",-Inf,NA,0,NA,1,1,"understory?"
"Myrsinaceae","Stylogyne","longifolia",4.3,4.3,1,"understory?",-Inf,NA,0,NA,1,1,"understory?"
"Apocynaceae","Tabernaemontana","macrocalyx",4,4,1,"understory?",-Inf,NA,0,NA,1,1,"understory?"
"Malvaceae","Eriotheca","macrophylla",5.4,5.4,1,"understory?",-Inf,NA,0,NA,1,1,"understory?"
"Melastomataceae","Miconia","macrophylla",3.9,3.9,1,"understory?",-Inf,NA,0,NA,1,1,"understory?"
"Sapindaceae","Talisia","macrophylla",8.5,8.36,8,"understory?",11,11,4,"understory?",12,1,"understory?"
"Sapindaceae","Matayba","macrostylis",8.5,8.4,2,"understory?",-Inf,NA,0,NA,2,1,"understory?"
"Salicaceae","Casearia","mariquitensis",4.6,4.6,1,"understory?",-Inf,NA,0,NA,1,1,"understory?"
"Solanaceae","Brunfelsia","martiana",3.9,3.9,1,"understory?",-Inf,NA,0,NA,1,1,"understory?"
"Sapotaceae","Micropholis","mensaliforme",3.9,3.9,1,"understory?",-Inf,NA,0,NA,1,1,"understory?"
"Fabaceae","Sclerolobium","micranthum",3.3,3.3,1,"understory?",-Inf,NA,0,NA,1,1,"understory?"
"Melastomataceae","Mouriri","monopora",5,5,1,"understory?",-Inf,NA,0,NA,1,1,"understory?"
"Anacardiaceae","Tapirira","obtusa",10,9.8675,2,"understory?",-Inf,NA,0,NA,2,1,"understory?"
"Quiinaceae","Quiina","oiapocensis",5.3,5.3,1,"understory?",-Inf,NA,0,NA,1,1,"understory?"
"Sapotaceae","Pouteria","pachyphylla",3.3,3.3,1,"understory?",-Inf,NA,0,NA,1,1,"understory?"
"Meliaceae","Trichilia","pallida",3.8,3.8,1,"understory?",-Inf,NA,0,NA,1,1,"understory?"
"Fabaceae","Diplotropis","peruviana",3.3,3.3,1,"understory?",-Inf,NA,0,NA,1,1,"understory?"
"Rubiaceae","Psychotria","polycephala",4.3,4.3,1,"understory?",-Inf,NA,0,NA,1,1,"understory?"
"Clusiaceae","Caraipa","punctulata",5.4,5.4,1,"understory?",-Inf,NA,0,NA,1,1,"understory?"
"Lauraceae","Aniba","rosaeodora",3.3,3.3,1,"understory?",11,11,6,"understory?",7,1,"understory?"
"Elaeocarpaceae","Sloanea","rufa",3.2,3.2,1,"understory?",-Inf,NA,0,NA,1,1,"understory?"
"Lauraceae","Ocotea","scabrella",3.6,3.6,1,"understory?",-Inf,NA,0,NA,1,1,"understory?"
"Lauraceae","Rhodostemonodaphne","scandens",4,4,1,"understory?",-Inf,NA,0,NA,1,1,"understory?"
"Solanaceae","Solanum","schlechtendalianum",4.5,4.5,1,"understory?",-Inf,NA,0,NA,1,1,"understory?"
"Combretaceae","Buchenavia","sericocarpa",15.1,14.8375,6,"understory?",15,15,10,"understory?",16,1,"understory?"
"Chrysobalanaceae","Licania","sothersiae",3.3,3.3,1,"understory?",-Inf,NA,0,NA,1,1,"understory?"
"Fabaceae","Inga","splendens",3.2,3.2,1,"understory?",15,15,4,"understory?",5,1,"understory?"
"Melastomataceae","Miconia","splendens",5.6,5.565,2,"understory?",13,12.925,4,"understory?",6,1,"understory?"
"Fabaceae","Inga","stipulacea",3.6,3.6,1,"understory?",-Inf,NA,0,NA,1,1,"understory?"
"Arecaceae","Bactris","syagroides",3.2,3.2,1,"understory?",-Inf,NA,0,NA,1,1,"understory?"
"Myrtaceae","Eugenia","tapacumensis",4,4,1,"understory?",-Inf,NA,0,NA,1,1,"understory?"
"Lauraceae","Aniba","terminalis",4.5,4.5,1,"understory?",13,12.8,5,"understory?",6,1,"understory?"
"Siparunaceae","Siparuna","tomentosa",10.8,10.6475,2,"understory?",-Inf,NA,0,NA,2,1,"understory?"
"Rubiaceae","Faramea","torquata",3.5,3.5,1,"understory?",0,0,1,"understory?",2,1,"understory?"
"Sapindaceae","Porocystis","toulicioides",3.3,3.3,1,"understory?",-Inf,NA,0,NA,1,1,"understory?"
"Euphorbiaceae","Pausandra","trianae",4.6,4.6,1,"understory?",-Inf,NA,0,NA,1,1,"understory?"
"Rubiaceae","Palicourea","virens",3.3,3.3,1,"understory?",-Inf,NA,0,NA,1,1,"understory?"
"Lauraceae","Ocotea","aciphylla",14.1,14.1,1,"understory?",-Inf,NA,0,NA,1,0,"understory?"
"Fabaceae","Bocoa","alterna",6.2,6.2,1,"understory?",-Inf,NA,0,NA,1,0,"understory?"
"Annonaceae","Annona","ambotay",10.9,10.8,3,"understory?",14,13.975,2,"understory?",5,0,"understory?"
"Euphorbiaceae","Mabea","angularis",14.2,13.675,4,"understory?",11,10.95,3,"understory?",7,0,"understory?"
"Simaroubaceae","Simaba","arborea",9.1,9.06,2,"understory?",-Inf,NA,0,NA,2,0,"understory?"
"Apocynaceae","Lacmellea","arborescens",8.8,8.8,1,"understory?",11,11,1,"understory?",2,0,"understory?"
"Fabaceae","Swartzia","arborescens",9.4,9.4,1,"understory?",13,12.65,15,"understory?",16,0,"understory?"
"Fabaceae","Diplotropis","brasiliensis",10.5,10.425,2,"understory?",10,10,1,"understory?",3,0,"understory?"
"Bignoniaceae","Tabebuia","capitata",14.9,14.8225,2,"understory?",15,15,1,"understory?",3,0,"understory?"
"Myrtaceae","Marlierea","caudata",9.6,9.6,1,"understory?",-Inf,NA,0,NA,1,0,"understory?"
"Malvaceae","Sterculia","chicha",10.6,10.48,3,"understory?",-Inf,NA,0,NA,3,0,"understory?"
"Salicaceae","Casearia","combaymensis",7.8,7.77,2,"understory?",13,13,12,"understory?",14,0,"understory?"
"Connaraceae","Connarus","coriaceus",8.2,8.2,1,"understory?",-Inf,NA,0,NA,1,0,"understory?"
"Lauraceae","Rhodostemonodaphne","crenaticupula",7.6,7.6,1,"understory?",-Inf,NA,0,NA,1,0,"understory?"
"Achariaceae","Carpotroche","crispidentata",10.2,9.91,5,"understory?",11,11,1,"understory?",6,0,"understory?"
"Lecythidaceae","Eschweilera","decolorans",6.3,6.3,1,"understory?",-Inf,NA,0,NA,1,0,"understory?"
"Pentaphylacaceae","Ternstroemia","dentata",9.8,9.66,3,"understory?",-Inf,NA,0,NA,3,0,"understory?"
"Apocynaceae","Aspidosperma","desmanthum",6.8,6.78,2,"understory?",15,14.925,4,"understory?",6,0,"understory?"
"Fabaceae","Eperua","duckeana",9.2,9.2,1,"understory?",-Inf,NA,0,NA,1,0,"understory?"
"Malvaceae","Sterculia","duckei",15.3,15.09,3,"understory?",-Inf,NA,0,NA,3,0,"understory?"
"Sapotaceae","Chrysophyllum","durifructum",9.8,9.8,1,"understory?",-Inf,NA,0,NA,1,0,"understory?"
"Fabaceae","Inga","edulis",8,8,1,"understory?",11,11,1,"understory?",2,0,"understory?"
"Myrtaceae","Calyptranthes","fasciculata",6,6,1,"understory?",12,12,1,"understory?",2,0,"understory?"
"Myrtaceae","Eugenia","ferreiraeana",8,8,1,"understory?",13,13,1,"understory?",2,0,"understory?"
"Myrtaceae","Calyptranthes","forsteri",6.7,6.7,1,"understory?",-Inf,NA,0,NA,1,0,"understory?"
"Sapindaceae","Pseudima","frutescens",6.1,6.1,1,"understory?",-Inf,NA,0,NA,1,0,"understory?"
"Phyllanthaceae","Richeria","grandis",8,8,1,"understory?",-Inf,NA,0,NA,1,0,"understory?"
"Rubiaceae","Duroia","gransabanensis",12.4,12.205,4,"understory?",11,11,1,"understory?",5,0,"understory?"
"Ebenaceae","Diospyros","guatterioides",5.8,5.8,1,"understory?",-Inf,NA,0,NA,1,0,"understory?"
"Myrtaceae","Myrcia","guianensis",11.4,11.4,1,"understory?",12,12,1,"understory?",2,0,"understory?"
"Celastraceae","Salacia","insignis",6.3,6.3,1,"understory?",-Inf,NA,0,NA,1,0,"understory?"
"Moraceae","Ficus","krukovii",14.6,14.6,1,"understory?",-Inf,NA,0,NA,1,0,"understory?"
"Dichapetalaceae","Tapura","lanceolata",7.5,7.5,1,"understory?",-Inf,NA,0,NA,1,0,"understory?"
"Melastomataceae","Henriettella","macrocalyx",5.7,5.7,1,"understory?",-Inf,NA,0,NA,1,0,"understory?"
"Malpighiaceae","Glandonia","macrocarpa",7.2,7.2,1,"understory?",-Inf,NA,0,NA,1,0,"understory?"
"Sapotaceae","Pouteria","macrocarpa",7.9,7.9,1,"understory?",-Inf,NA,0,NA,1,0,"understory?"
"Sabiaceae","Ophiocaryon","manausense",7.5,7.4675,2,"understory?",-Inf,NA,0,NA,2,0,"understory?"
"Myrsinaceae","Stylogyne","micrantha",10.3,10.3,1,"understory?",-Inf,NA,0,NA,1,0,"understory?"
"Cyatheaceae","Trichipteris","microdonta",5.7,5.7,1,"understory?",-Inf,NA,0,NA,1,0,"understory?"
"Malvaceae","Pachira","nervosa",11.7,11.615,2,"understory?",-Inf,NA,0,NA,2,0,"understory?"
"Malvaceae","Matisia","ochrocalyx",7.5,7.455,3,"understory?",14,14,26,"understory?",29,0,"understory?"
"Nyctaginaceae","Neea","oppositifolia",7.2,7.1675,2,"understory?",-Inf,NA,0,NA,2,0,"understory?"
"Burseraceae","Protium","pedicellatum",6.9,6.9,1,"understory?",-Inf,NA,0,NA,1,0,"understory?"
"Apocynaceae","Rauvolfia","pentaphylla",15.2,15.2,1,"understory?",13,13,2,"understory?",3,0,"understory?"
"Myrtaceae","Eugenia","polystachya",13.2,13.2,1,"understory?",15,14.925,2,"understory?",3,0,"understory?"
"Fabaceae","Macrolobium","prancei",6,6,1,"understory?",-Inf,NA,0,NA,1,0,"understory?"
"Fabaceae","Diplotropis","purpurea",10.7,10.7,1,"understory?",-Inf,NA,0,NA,1,0,"understory?"
"Fabaceae","Inga","racemiflora",8.5,8.5,1,"understory?",-Inf,NA,0,NA,1,0,"understory?"
"Burseraceae","Protium","rhynchophyllum",11.9,11.9,1,"understory?",-Inf,NA,0,NA,1,0,"understory?"
"Clusiaceae","Clusia","scrobiculata",6.5,6.5,1,"understory?",-Inf,NA,0,NA,1,0,"understory?"
"Fabaceae","Vatairea","sericea",13.3,13.3,1,"understory?",-Inf,NA,0,NA,1,0,"understory?"
"Melastomataceae","Miconia","spichigeri",6.2,6.2,1,"understory?",-Inf,NA,0,NA,1,0,"understory?"
"Moraceae","Sorocea","sprucei",9.7,9.7,1,"understory?",-Inf,NA,0,NA,1,0,"understory?"
"Moraceae","Naucleopsis","ternstroemiiflora",8.3,8.3,1,"understory?",12,12,7,"understory?",8,0,"understory?"
"Myristicaceae","Virola","theiodora",9.6,9.505,2,"understory?",-Inf,NA,0,NA,2,0,"understory?"
"Melastomataceae","Mouriri","trunciflora",10.9,10.835,2,"understory?",-Inf,NA,0,NA,2,0,"understory?"
"Moraceae","Helicostylis","turbinata",14.5,14.38,2,"understory?",-Inf,NA,0,NA,2,0,"understory?"
"Vochysiaceae","Vochysia","venulosa",8.2,8.2,1,"understory?",-Inf,NA,0,NA,1,0,"understory?"
"Annonaceae","Duguetia","flagellaris",32.9,6.5,9312,"understory",11,11,2,"understory?",9314,8571,"understory"
"Euphorbiaceae","Pausandra","macropetala",22.4,10.6,4913,"understory",14,13,71,"understory?",4984,3061,"understory"
"Violaceae","Amphirrhox","longifolia",20.4,10,1804,"understory",14,13.225,32,"understory?",1836,1239,"understory"
"Violaceae","Rinorea","amapensis",12.3,7.6,1567,"understory",-Inf,NA,0,NA,1567,1188,"understory"
"Chrysobalanaceae","Hirtella","myrmecophila",21.5,6.7,1138,"understory",-Inf,NA,0,NA,1138,1008,"understory"
"Arecaceae","Geonoma","deversa",13.8,4.3,841,"understory",-Inf,NA,0,NA,841,829,"understory"
"Siparunaceae","Siparuna","cuspidata",13.9,8.4,1139,"understory",11,10.975,2,"understory?",1141,821,"understory"
"Melastomataceae","Henriettella","caudata",16.8,6.43,749,"understory",-Inf,NA,0,NA,749,687,"understory"
"Moraceae","Naucleopsis","caloneura",16.4,12.2,1239,"understory",16,14,190,"understory",1429,681,"understory"
"Siparunaceae","Siparuna","decipiens",18.3,10.89,845,"understory",15,14,54,"understory?",899,638,"understory"
"Malvaceae","Theobroma","sylvestre",24.5,11,1482,"understory",13,13,45,"understory?",1527,625,"understory"
"Burseraceae","Protium","trifoliolatum",15.1,10.5275,910,"understory",13,13,39,"understory?",949,580,"understory"
"Moraceae","Sorocea","muriculata",21.2,11.1,813,"understory",13,12.9,3,"understory?",816,562,"understory"
"Fabaceae","Zygia","juruana",19,9.065,815,"understory",11,11,2,"understory?",817,558,"understory"
"Burseraceae","Protium","opacum",28.3,11.1,888,"understory",16,15.15,18,"understory?",906,558,"understory"
"Salicaceae","Ryania","speciosa",10,7.3775,770,"understory",11,10.975,2,"understory?",772,544,"understory"
"Apocynaceae","Tabernaemontana","muricata",15.1,7.5,628,"understory",-Inf,NA,0,NA,628,520,"understory"
"Violaceae","Rinorea","macrocarpa",17.9,9,648,"understory",10,10,1,"understory?",649,477,"understory"
"Euphorbiaceae","Mabea","speciosa",16.7,12.3275,950,"understory",15,14,85,"understory?",1035,470,"understory"
"Violaceae","Rinorea","racemosa",21.2,10.8,922,"understory",16,12,75,"understory?",997,437,"understory"
"Dichapetalaceae","Tapura","guianensis",16.9,9.4275,670,"understory",12,11.875,6,"understory?",676,412,"understory"
"Annonaceae","Duguetia","asterotricha",11.7,6.5,434,"understory",-Inf,NA,0,NA,434,389,"understory"
"Melastomataceae","Miconia","tomentosa",13.2,10.2,614,"understory",12,11.8,9,"understory?",623,378,"understory"
"Ochnaceae","Ouratea","coccinea",20.7,11.8525,514,"understory",-Inf,NA,0,NA,514,363,"understory"
"Burseraceae","Protium","pilosum",12.8,10.91,397,"understory",10,10,2,"understory?",399,288,"understory"
"Myrtaceae","Myrcia","fenestrata",11.4,8.4775,364,"understory",-Inf,NA,0,NA,364,284,"understory"
"Annonaceae","Duguetia","calycina",18.1,6.2,287,"understory",-Inf,NA,0,NA,287,274,"understory"
"Fabaceae","Inga","umbratica",12.3,9.3,336,"understory",14,14,42,"understory?",378,242,"understory"
"Ochnaceae","Ouratea","odora",10.2,7.85,271,"understory",-Inf,NA,0,NA,271,239,"understory"
"Burseraceae","Protium","unifoliolatum",14,9.975,366,"understory",-Inf,NA,0,NA,366,217,"understory"
"Annonaceae","Unonopsis","stipitata",19.3,8.57999999999999,325,"understory",-Inf,NA,0,NA,325,209,"understory"
"Apocynaceae","Tabernaemontana","angulata",9.8,7.175,246,"understory",16,14.875,16,"understory?",262,208,"understory"
"Fabaceae","Tachigali","myrmecophila",19.8,12.86,349,"understory",-Inf,NA,0,NA,349,196,"understory"
"Violaceae","Rinoreocarpus","ulei",15.8,12.3875,406,"understory",-Inf,NA,0,NA,406,193,"understory"
"Myrtaceae","Eugenia","cupulata",12.8,10.77,227,"understory",13,12.875,6,"understory?",233,160,"understory"
"Quiinaceae","Quiina","amazonica",15.1,10.04,233,"understory",11,10.725,2,"understory?",235,155,"understory"
"Annonaceae","Fusaea","longifolia",17.6,10.86,273,"understory",17,14,105,"understory",378,154,"understory"
"Rubiaceae","Ixora","ulei",11.4,7.5725,172,"understory",16,15.25,7,"understory?",179,145,"understory"
"Connaraceae","Connarus","erianthus",10.8,8.81999999999999,193,"understory",12,11.8,9,"understory?",202,141,"understory"
"Rubiaceae","Amaioua","guianensis",13.5,10.54,185,"understory",13,13,9,"understory?",194,138,"understory"
"Rubiaceae","Psychotria","pacimonica",12.4,4.8,137,"understory",-Inf,NA,0,NA,137,136,"understory"
"Melastomataceae","Miconia","argyrophylla",11.6,8.8625,176,"understory",-Inf,NA,0,NA,176,133,"understory"
"Sapindaceae","Cupania","hispida",13.2,6.9325,148,"understory",-Inf,NA,0,NA,148,132,"understory"
"Urticaceae","Pourouma","myrmecophila",16,13.4,221,"understory",13,13,1,"understory?",222,123,"understory"
"Quiinaceae","Quiina","negrensis",14.5,12.77,167,"understory",15,14.725,12,"understory?",179,117,"understory"
"Quiinaceae","Quiina","obovata",15.5,13.54,174,"understory",15,15,20,"understory?",194,114,"understory"
"Myrtaceae","Eugenia","coffeifolia",12.2,10.2575,180,"understory",-Inf,NA,0,NA,180,107,"understory"
"Arecaceae","Geonoma","maxima",15.5,6.835,112,"understory",-Inf,NA,0,NA,112,104,"understory"
"Ochnaceae","Ouratea","leprieuri",14.3,10.945,143,"understory",-Inf,NA,0,NA,143,103,"understory"
"Annonaceae","Annona","foetida",11.9,9.225,156,"understory",12,11.9,5,"understory?",161,102,"understory"
"Boraginaceae","Cordia","nodosa",11.1,9.4875,122,"understory",-Inf,NA,0,NA,122,102,"understory"
"Erythroxylaceae","Erythroxylum","macrophyllum",10,7.36,117,"understory",12,11.7,2,"understory?",119,99,"understory"
"Annonaceae","Duguetia","stelechantha",12.9,10.9,181,"understory",12,12,27,"understory?",208,98,"understory"
"Myristicaceae","Compsoneura","ulei",16.2,8.2025,134,"understory",-Inf,NA,0,NA,134,98,"understory"
"Fabaceae","Inga","stipularis",11.9,9.6875,126,"understory",13,12.925,2,"understory?",128,97,"understory"
"Meliaceae","Guarea","pubescens",8.2,6.6,101,"understory",14,14,1,"understory?",102,96,"understory"
"Myrtaceae","Myrcia","paivae",10.7,8.38,129,"understory",14,13.55,10,"understory?",139,90,"understory"
"Rubiaceae","Coussarea","ampla",11.8,9.53,158,"understory",13,12.9,5,"understory?",163,87,"understory"
"Siparunaceae","Siparuna","guianensis",11.3,10.2,124,"understory",13,12.8,5,"understory?",129,86,"understory"
"Chrysobalanaceae","Licania","macrophylla",14.1,10.32,149,"understory",10,10,1,"understory?",150,85,"understory"
"Myrtaceae","Myrcia","huallagae",11.7,9.7,150,"understory",-Inf,NA,0,NA,150,84,"understory"
"Moraceae","Helicostylis","scabra",14.4,7.815,100,"understory",14,14,1,"understory?",101,83,"understory"
"Nyctaginaceae","Neea","ovalifolia",13.6,9.37249999999999,100,"understory",-Inf,NA,0,NA,100,82,"understory"
"Sapindaceae","Talisia","mollis",16.2,11.3975,202,"understory",11,11,10,"understory?",212,78,"understory"
"Quiinaceae","Lacunaria","jenmanii",15.9,12.67,114,"understory",14,14,9,"understory?",123,76,"understory"
"Malvaceae","Theobroma","subincanum",14.9,13.6,130,"understory",15,14.475,22,"understory?",152,73,"understory"
"Moraceae","Helianthostylis","sprucei",22,13.68,185,"understory",14,14,80,"understory?",265,71,"understory"
"Burseraceae","Protium","giganteum",15.8,11.22,115,"understory",-Inf,NA,0,NA,115,70,"understory"
"Melastomataceae","Miconia","punctata",10.7,8.17,87,"understory?",14,14,18,"understory?",105,69,"understory"
"Fabaceae","Zygia","ramiflora",14.3,8.5525,78,"understory?",15,14.075,38,"understory?",116,62,"understory"
"Sapindaceae","Vouarana","guianensis",11.2,9.02,105,"understory",15,15,3,"understory?",108,60,"understory"
"Boraginaceae","Cordia","sagotii",14,11.76,105,"understory",14,14,26,"understory?",131,55,"understory"
"Sapindaceae","Talisia","cerasina",8.6,7.6575,100,"understory",-Inf,NA,0,NA,100,51,"understory"
"Arecaceae","Euterpe","precatoria",12.8,12,352,"understory",14,14,76,"understory?",428,50,"understory"
"Arecaceae","Astrocaryum","gynacanthum",17.9,7.3,508,"understory",-Inf,NA,0,NA,508,34,"understory"
"Arecaceae","Socratea","exorrhiza",16.3,10.1,322,"understory",11,11,1,"understory?",323,25,"understory"
"Arecaceae","Oenocarpus","minor",14.8,9.12499999999999,152,"understory",-Inf,NA,0,NA,152,18,"understory"
"Arecaceae","Syagrus","inajai",11.6,11.05,171,"understory",-Inf,NA,0,NA,171,12,"understory"
"Violaceae","Rinorea","flavescens",7,6.82,10,"understory?",13,13,191,"understory",201,8,"understory"
"Arecaceae","Oenocarpus","bacaba",14.5,13.4,223,"understory",19,14,263,"understory",486,6,"understory"
"Burseraceae","Protium","hebetatum",29.7,12.2,7493,"understory",20,17,709,"subcanopy",8202,4859,"subcanopy"
"Lecythidaceae","Eschweilera","wachenheimii",28.4,16.4,2025,"subcanopy",26,20,657,"subcanopy",2682,923,"subcanopy"
"Euphorbiaceae","Micrandropsis","scleroxylon",23.5,18.5,1519,"subcanopy",23,21,128,"subcanopy",1647,753,"subcanopy"
"Lecythidaceae","Eschweilera","romeu-cardosoi",18.9,14.4,1351,"understory",20,19,269,"subcanopy",1620,617,"subcanopy"
"Lecythidaceae","Eschweilera","grandiflora",22.7,12.675,1051,"understory",20,18.2,153,"subcanopy",1204,566,"subcanopy"
"Sapotaceae","Pouteria","reticulata",20.1,16.7,754,"subcanopy",26,21,147,"subcanopy",901,460,"subcanopy"
"Lecythidaceae","Eschweilera","truncata",23.1,16.25,991,"subcanopy",27,21,413,"subcanopy",1404,454,"subcanopy"
"Burseraceae","Protium","decandrum",17.9,13,647,"understory",21,18,104,"subcanopy",751,391,"subcanopy"
"Salicaceae","Casearia","javitensis",19.8,10.6025,600,"understory",20,18.75,46,"subcanopy",646,391,"subcanopy"
"Lecythidaceae","Eschweilera","coriacea",22.1,17.075,763,"subcanopy",27,22,324,"subcanopy",1087,364,"subcanopy"
"Ochnaceae","Ouratea","discophora",18,14.46,457,"understory",16,15.6,17,"subcanopy",474,322,"subcanopy"
"Annonaceae","Unonopsis","duckei",18.3,14.1,670,"understory",18,17,106,"subcanopy",776,322,"subcanopy"
"Burseraceae","Protium","spruceanum",14.6,10.365,495,"understory",17,16.85,7,"subcanopy",502,315,"subcanopy"
"Burseraceae","Protium","paniculatum",19.1,14.25,461,"understory",21,19.175,74,"subcanopy",535,298,"subcanopy"
"Lecythidaceae","Eschweilera","pedicellata",25.7,13.86,577,"understory",19,16,45,"subcanopy",622,293,"subcanopy"
"Sapotaceae","Pouteria","campanulata",19.5,14.18,425,"understory",17,17,39,"subcanopy",464,289,"subcanopy"
"Sapotaceae","Micropholis","guyanensis",23.9,16.8125,436,"subcanopy",25,21.625,176,"subcanopy",612,279,"subcanopy"
"Chrysobalanaceae","Licania","heteromorpha",24.5,15.205,387,"understory",23,23,108,"subcanopy",495,279,"subcanopy"
"Annonaceae","Guatteria","olivacea",18.9,12.195,419,"understory",19,18.075,38,"subcanopy",457,273,"subcanopy"
"Violaceae","Rinorea","guianensis",18.3,12.8,497,"understory",22,18,77,"subcanopy",574,258,"subcanopy"
"Chrysobalanaceae","Licania","octandra",18.6,14,416,"understory",20,18.275,24,"subcanopy",440,226,"subcanopy"
"Lecythidaceae","Eschweilera","atropetiolata",26.8,22.3325,588,"subcanopy",28,25,160,"subcanopy",748,208,"subcanopy"
"Fabaceae","Swartzia","reticulata",20.4,17.4,369,"subcanopy",21,20,217,"subcanopy",586,206,"subcanopy"
"Urticaceae","Pourouma","minor",19.1,15.0825,350,"understory",19,19,28,"subcanopy",378,205,"subcanopy"
"Lecythidaceae","Gustavia","elliptica",18.8,15.01,333,"understory",16,16,29,"subcanopy",362,201,"subcanopy"
"Sapotaceae","Pouteria","fulva",20.6,12.06,249,"understory",21,20.4,13,"subcanopy",262,196,"subcanopy"
"Myristicaceae","Virola","sebifera",17.3,14.8525,314,"understory",20,17.225,38,"subcanopy",352,193,"subcanopy"
"Euphorbiaceae","Hevea","guianensis",23.2,20.405,340,"subcanopy",22,20,169,"subcanopy",509,182,"subcanopy"
"Urticaceae","Pourouma","tomentosa",22.3,17.99,325,"subcanopy",25,20.2,73,"subcanopy",398,157,"subcanopy"
"Sapotaceae","Manilkara","bidentata",27.2,19.1975,282,"subcanopy",30,22.625,108,"subcanopy",390,154,"subcanopy"
"Lauraceae","Mezilaurus","duckei",31.4,22.4,212,"subcanopy",25,25,41,"subcanopy",253,154,"subcanopy"
"Burseraceae","Protium","guianense",13.8,11.2325,228,"understory",17,17,67,"subcanopy",295,153,"subcanopy"
"Burseraceae","Protium","tenuifolium",21.7,17.815,214,"subcanopy",20,20,22,"subcanopy",236,148,"subcanopy"
"Myristicaceae","Virola","calophylla",15.7,13.31,279,"understory",18,16,87,"subcanopy",366,141,"subcanopy"
"Fabaceae","Inga","paraensis",21.5,15.64,193,"subcanopy",21,20,111,"subcanopy",304,136,"subcanopy"
"Anacardiaceae","Astronium","lecointei",28.3,18.9,281,"subcanopy",24,24,29,"subcanopy",310,134,"subcanopy"
"Fabaceae","Paramachaerium","ormosoides",30.1,17.12,233,"subcanopy",-Inf,NA,0,NA,233,132,"subcanopy"
"Chrysobalanaceae","Couepia","longipendula",18.7,16.77,194,"subcanopy",23,21.05,40,"subcanopy",234,131,"subcanopy"
"Dichapetalaceae","Tapura","amazonica",20.6,12.48,234,"understory",21,19.3,35,"subcanopy",269,126,"subcanopy"
"Fabaceae","Zygia","racemosa",26.4,18.14,287,"subcanopy",24,23,119,"subcanopy",406,124,"subcanopy"
"Burseraceae","Protium","occultum",21.7,11.62,199,"understory",20,16,50,"subcanopy",249,110,"subcanopy"
"Lauraceae","Aniba","riparia",17.6,14.55,141,"understory",16,15.7,4,"subcanopy",145,108,"subcanopy"
"Fabaceae","Inga","gracilifolia",18.1,11.32,145,"understory",20,19.6,17,"subcanopy",162,106,"subcanopy"
"Humiriaceae","Vantanea","micrantha",18.7,11.22,143,"understory",22,21.475,8,"subcanopy",151,106,"subcanopy"
"Chrysobalanaceae","Couepia","guianensis",35,13.0625,166,"understory",21,18.15,39,"subcanopy",205,104,"subcanopy"
"Lauraceae","Licaria","cannella",19.6,14.96,147,"understory",29,21.95,43,"subcanopy",190,98,"subcanopy"
"Annonaceae","Duguetia","chrysea",16.3,14.0375,176,"understory",17,17,24,"subcanopy",200,98,"subcanopy"
"Chrysobalanaceae","Hirtella","bicornis",17.8,16.07,135,"subcanopy",18,18,24,"subcanopy",159,96,"subcanopy"
"Urticaceae","Pourouma","villosa",22.1,18.68,169,"subcanopy",21,19.5,61,"subcanopy",230,94,"subcanopy"
"Sapotaceae","Pouteria","cuspidata",19.3,16.915,198,"subcanopy",23,23,16,"subcanopy",214,91,"subcanopy"
"Chrysobalanaceae","Licania","bracteata",10.8,9.46,109,"understory",25,25,32,"subcanopy",141,89,"subcanopy"
"Sapotaceae","Pouteria","vernicosa",21.9,16.08,133,"subcanopy",29,19,51,"subcanopy",184,88,"subcanopy"
"Fabaceae","Inga","grandiflora",16.5,12.5625,140,"understory",19,17.95,8,"subcanopy",148,86,"subcanopy"
"Sapotaceae","Pouteria","anomala",25.2,22.685,144,"subcanopy",25,24,64,"subcanopy",208,85,"subcanopy"
"Sapotaceae","Pouteria","rostrata",18.5,15.9,141,"subcanopy",23,21.65,28,"subcanopy",169,85,"subcanopy"
"Lauraceae","Aniba","canelilla",19.1,15.405,103,"understory",20,20,16,"subcanopy",119,79,"subcanopy"
"Putranjivaceae","Drypetes","variabilis",17.8,15.355,139,"understory",18,17.75,51,"subcanopy",190,77,"subcanopy"
"Burseraceae","Protium","strumosum",14.5,11.0375,118,"understory",16,16,29,"subcanopy",147,76,"subcanopy"
"Euphorbiaceae","Aparisthmium","cordatum",18.9,16.52,193,"subcanopy",-Inf,NA,0,NA,193,75,"subcanopy"
"Sapotaceae","Ecclinusa","guianensis",27.2,24.245,172,"subcanopy",27,25,143,"subcanopy",315,70,"subcanopy"
"Boraginaceae","Cordia","trachyphylla",12.5,12.13,108,"understory",16,16,10,"subcanopy",118,68,"subcanopy"
"Sapotaceae","Pouteria","filipes",17.7,12.275,86,"understory?",24,23.35,27,"subcanopy",113,66,"subcanopy"
"Humiriaceae","Sacoglottis","mattogrossensis",27.7,23.6075,118,"subcanopy",24,23,42,"subcanopy",160,66,"subcanopy"
"Fabaceae","Eperua","glabriflora",21.3,20.6,133,"subcanopy",27,23,122,"subcanopy",255,64,"subcanopy"
"Fabaceae","Inga","rubiginosa",16.7,7.65,71,"understory?",20,19.05,39,"subcanopy",110,59,"subcanopy"
"Fabaceae","Bocoa","viridiflora",20.4,16.16,108,"subcanopy",24,21,95,"subcanopy",203,59,"subcanopy"
"Rubiaceae","Amaioua","corymbosa",18.3,17.015,78,"subcanopy",15,14.925,4,"understory?",82,58,"subcanopy"
"Lauraceae","Mezilaurus","itauba",17,15.3,91,"understory?",23,22.375,26,"subcanopy",117,54,"subcanopy"
"Apocynaceae","Aspidosperma","spruceanum",20.2,10.25,76,"understory?",18,17.875,6,"subcanopy",82,53,"subcanopy"
"Clusiaceae","Symphonia","globulifera",22.3,15.86,88,"subcanopy",20,20,9,"subcanopy",97,51,"subcanopy"
"Anisophylleaceae","Anisophyllea","manausensis",21.1,19.6575,100,"subcanopy",22,21.175,34,"subcanopy",134,50,"subcanopy"
"Burseraceae","Protium","subserratum",16.6,13.12,65,"understory?",17,16.75,11,"subcanopy",76,50,"subcanopy"
"Fabaceae","Inga","thibaudiana",34.8,16.855,148,"subcanopy",15,14.6,17,"understory?",165,50,"subcanopy"
"Annonaceae","Duguetia","surinamensis",15.8,14.49,77,"understory?",18,18,14,"subcanopy",91,47,"subcanopy"
"Lecythidaceae","Lecythis","barnebyi",20.1,17.01,140,"subcanopy",18,17.575,18,"subcanopy",158,46,"subcanopy"
"Fabaceae","Macrolobium","limbatum",11.9,10.975,75,"understory?",18,18,28,"subcanopy",103,46,"subcanopy"
"Moraceae","Naucleopsis","ulei",16.5,13.3525,78,"understory?",20,18.9,12,"subcanopy",90,46,"subcanopy"
"Lecythidaceae","Corythophora","alta",24.4,19.2975,108,"subcanopy",33,25.3,109,"subcanopy",217,44,"subcanopy"
"Burseraceae","Protium","apiculatum",14.2,9.8,61,"understory?",20,18,187,"subcanopy",248,43,"subcanopy"
"Annonaceae","Bocageopsis","multiflora",21.2,16.9725,92,"subcanopy",19,19,97,"subcanopy",189,43,"subcanopy"
"Moraceae","Helicostylis","tomentosa",14.8,9.67,63,"understory?",22,19,45,"subcanopy",108,43,"subcanopy"
"Myrtaceae","Myrcia","grandis",14.1,11.7425,90,"understory?",23,22,63,"subcanopy",153,42,"subcanopy"
"Chrysobalanaceae","Licania","longistyla",16,14.085,87,"understory?",20,20,14,"subcanopy",101,42,"subcanopy"
"Malvaceae","Lueheopsis","rosea",22,20.12,85,"subcanopy",25,25,28,"subcanopy",113,40,"subcanopy"
"Burseraceae","Protium","altsonii",23.3,21.645,55,"subcanopy",28,25,94,"subcanopy",149,39,"subcanopy"
"Chrysobalanaceae","Licania","caudata",22.7,21.175,71,"subcanopy",25,24.75,51,"subcanopy",122,39,"subcanopy"
"Rubiaceae","Ferdinandusa","uaupensis",10.8,10.1425,48,"understory?",18,17.85,7,"subcanopy",55,39,"subcanopy"
"Apocynaceae","Geissospermum","urceolatum",25.1,21.525,84,"subcanopy",21,20.675,14,"subcanopy",98,39,"subcanopy"
"Humiriaceae","Duckesia","verrucosa",20.2,10.17,59,"understory?",23,23,6,"subcanopy",65,39,"subcanopy"
"Myristicaceae","Virola","guggenheimii",13,11.6,81,"understory?",19,18.975,2,"subcanopy",83,38,"subcanopy"
"Olacaceae","Ptychopetalum","olacoides",16.2,14.225,71,"understory?",16,16,15,"subcanopy",86,37,"subcanopy"
"Lecythidaceae","Eschweilera","amazoniciformis",21.6,19.74,59,"subcanopy",25,24.75,46,"subcanopy",105,35,"subcanopy"
"Ebenaceae","Diospyros","capreifolia",11.8,11.475,59,"understory?",16,15.85,3,"subcanopy",62,35,"subcanopy"
"Urticaceae","Pourouma","guianensis",19.3,18.1675,100,"subcanopy",22,21.15,18,"subcanopy",118,35,"subcanopy"
"Quiinaceae","Quiina","paraensis",12.3,10.8,50,"understory?",16,15.725,12,"subcanopy",62,35,"subcanopy"
"Sapotaceae","Chrysophyllum","amazonicum",17.3,12.79,45,"understory?",25,25,18,"subcanopy",63,34,"subcanopy"
"Moraceae","Maquira","guianensis",18.8,15.97,54,"subcanopy",17,17,7,"subcanopy",61,33,"subcanopy"
"Chrysobalanaceae","Couepia","robusta",15.8,7.70749999999999,40,"understory?",21,20.7,3,"subcanopy",43,33,"subcanopy"
"Fabaceae","Stryphnodendron","racemiferum",9.9,7.8,36,"understory?",22,21.425,24,"subcanopy",60,32,"subcanopy"
"Myrtaceae","Eugenia","citrifolia",19.3,16.12,65,"subcanopy",18,16.75,26,"subcanopy",91,31,"subcanopy"
"Lauraceae","Licaria","chrysophylla",10.9,8.83,37,"understory?",24,22.35,12,"subcanopy",49,29,"subcanopy"
"Fabaceae","Swartzia","recurva",17.7,16.435,59,"subcanopy",24,20.35,74,"subcanopy",133,29,"subcanopy"
"Fabaceae","Sclerolobium","micropetalum",11.9,10.285,39,"understory?",22,22,1,"subcanopy",40,28,"subcanopy"
"Annonaceae","Guatteria","procera",21.4,16.5725,58,"subcanopy",-Inf,NA,0,NA,58,27,"subcanopy"
"Burseraceae","Tetragastris","panamensis",16.3,15.82,33,"subcanopy",21,20.375,66,"subcanopy",99,26,"subcanopy"
"Rubiaceae","Stachyarrhena","acuminata",11,9.43249999999999,34,"understory?",16,15.85,4,"subcanopy",38,23,"subcanopy"
"Melastomataceae","Miconia","burchellii",15.7,14.6,65,"understory?",20,17,96,"subcanopy",161,23,"subcanopy"
"Fabaceae","Andira","parviflora",13.8,13.725,31,"understory?",19,18.775,4,"subcanopy",35,23,"subcanopy"
"Simaroubaceae","Simarouba","amara",14.4,13.105,38,"understory?",18,17.75,11,"subcanopy",49,22,"subcanopy"
"Anacardiaceae","Tapirira","guianensis",21.2,12.02,35,"understory?",23,20.8,23,"subcanopy",58,22,"subcanopy"
"Lauraceae","Ocotea","percurrens",18.8,15.91,35,"subcanopy",24,21.9,43,"subcanopy",78,21,"subcanopy"
"Chrysobalanaceae","Licania","coriacea",17,15.85,24,"subcanopy",-Inf,NA,0,NA,24,20,"subcanopy"
"Myrtaceae","Eugenia","longiracemosa",17.1,16.65,37,"subcanopy",-Inf,NA,0,NA,37,20,"subcanopy"
"Myrtaceae","Myrcia","rufipila",12.9,11.8925,32,"understory?",16,16,1,"subcanopy",33,20,"subcanopy"
"Peraceae","Pogonophora","schomburgkiana",16.1,11.975,34,"understory?",23,20.625,20,"subcanopy",54,20,"subcanopy"
"Sapindaceae","Talisia","veraluciana",15.5,13.2525,32,"understory?",18,17.625,4,"subcanopy",36,20,"subcanopy"
"Moraceae","Pseudolmedia","laevis",18,17.28,33,"subcanopy",23,20,96,"subcanopy",129,19,"subcanopy"
"Sapotaceae","Sarcaulus","brasiliensis",12.6,10.78,27,"understory?",18,17.15,35,"subcanopy",62,18,"subcanopy"
"Annonaceae","Guatteria","discolor",7.2,7.15,21,"understory?",20,20,8,"subcanopy",29,18,"subcanopy"
"Bignoniaceae","Tabebuia","incana",18.3,15.71,29,"subcanopy",19,19,10,"subcanopy",39,18,"subcanopy"
"Malpighiaceae","Byrsonima","rodriguesii",13,12.51,29,"understory?",17,16.55,7,"subcanopy",36,18,"subcanopy"
"Elaeocarpaceae","Sloanea","schomburgkii",10.1,8.94499999999999,22,"understory?",19,19,7,"subcanopy",29,18,"subcanopy"
"Meliaceae","Guarea","convergens",9.8,8.765,19,"understory?",20,20,33,"subcanopy",52,17,"subcanopy"
"Chrysobalanaceae","Hirtella","obidensis",18.7,13.345,22,"understory?",17,16.575,18,"subcanopy",40,17,"subcanopy"
"Ixonanthaceae","Cyrillopsis","paraensis",16.4,11.9775,30,"understory?",18,17.75,6,"subcanopy",36,17,"subcanopy"
"Malpighiaceae","Pterandra","arborea",18.8,18.5225,38,"subcanopy",22,21.65,15,"subcanopy",53,16,"subcanopy"
"Lauraceae","Ocotea","douradensis",9.5,7.905,23,"understory?",17,16.5,11,"subcanopy",34,16,"subcanopy"
"Sapotaceae","Pouteria","erythrochrysa",9.2,9.05,21,"understory?",27,20.475,48,"subcanopy",69,16,"subcanopy"
"Clusiaceae","Dystovomita","brasiliensis",13.2,10.455,19,"understory?",16,15.875,2,"subcanopy",21,15,"subcanopy"
"Fabaceae","Sclerolobium","melinonii",11.3,10.64,23,"understory?",24,24,29,"subcanopy",52,15,"subcanopy"
"Moraceae","Perebea","mollis",20.2,18.5425,40,"subcanopy",19,18.4,13,"subcanopy",53,15,"subcanopy"
"Sapotaceae","Pouteria","retinervis",21.7,16.64,23,"subcanopy",25,24.75,86,"subcanopy",109,15,"subcanopy"
"Urticaceae","Pourouma","velutina",12.3,10.22,17,"understory?",26,25.025,14,"subcanopy",31,15,"subcanopy"
"Bignoniaceae","Jacaranda","copaia",17.3,16.5125,56,"subcanopy",18,17.65,15,"subcanopy",71,14,"subcanopy"
"Urticaceae","Pourouma","cucura",7.8,7.25,21,"understory?",21,20.95,3,"subcanopy",24,14,"subcanopy"
"Sapotaceae","Pouteria","fimbriata",19.6,18.2225,30,"subcanopy",23,21.775,44,"subcanopy",74,14,"subcanopy"
"Elaeocarpaceae","Sloanea","floribunda",9.4,8.68,19,"understory?",22,22,39,"subcanopy",58,14,"subcanopy"
"Sapotaceae","Chrysophyllum","manaosense",21.4,21.25,21,"subcanopy",22,22,5,"subcanopy",26,14,"subcanopy"
"Urticaceae","Pourouma","ovata",18.8,17.995,24,"subcanopy",16,15.625,16,"subcanopy",40,14,"subcanopy"
"Annonaceae","Duguetia","manausensis",12.4,12.245,32,"understory?",19,15.7,93,"subcanopy",125,13,"subcanopy"
"Chrysobalanaceae","Licania","rodriguesii",21.5,17.225,19,"subcanopy",21,20.4,7,"subcanopy",26,13,"subcanopy"
"Melastomataceae","Mouriri","collocarpa",8.2,7.42,14,"understory?",21,19.725,18,"subcanopy",32,12,"subcanopy"
"Burseraceae","Protium","gallosum",11,10.4,21,"understory?",16,16,22,"subcanopy",43,12,"subcanopy"
"Fabaceae","Abarema","mataybifolia",19,16.8325,18,"subcanopy",16,16,20,"subcanopy",38,12,"subcanopy"
"Lauraceae","Ocotea","nigrescens",10.8,10.28,17,"understory?",20,20,32,"subcanopy",49,12,"subcanopy"
"Siparunaceae","Siparuna","pachyantha",23.3,21.74,27,"subcanopy",23,22.55,10,"subcanopy",37,12,"subcanopy"
"Nyctaginaceae","Neea","stellulata",16.3,14.235,15,"understory?",20,20,4,"subcanopy",19,12,"subcanopy"
"Urticaceae","Pourouma","bicolor",16.8,16.53,37,"subcanopy",24,22.05,27,"subcanopy",64,11,"subcanopy"
"Ulmaceae","Ampelocera","edentula",15.7,14.25,21,"understory?",16,16,6,"subcanopy",27,11,"subcanopy"
"Chrysobalanaceae","Licania","kunthiana",6.8,6.4425,14,"understory?",16,15.55,7,"subcanopy",21,11,"subcanopy"
"Sapotaceae","Pouteria","macrophylla",18.4,15.7125,26,"subcanopy",21,19.3,75,"subcanopy",101,11,"subcanopy"
"Fabaceae","Hymenolobium","nitidum",12.9,12.26,17,"understory?",17,16.8,5,"subcanopy",22,11,"subcanopy"
"Fabaceae","Zollernia","paraensis",22.9,22.555,24,"subcanopy",-Inf,NA,0,NA,24,11,"subcanopy"
"Lecythidaceae","Couratari","stellata",15.2,13.46,13,"understory?",25,22.825,48,"subcanopy",61,11,"subcanopy"
"Sapotaceae","Pouteria","cladantha",15.5,12.97,12,"understory?",22,18,88,"subcanopy",100,10,"subcanopy"
"Sapindaceae","Talisia","clathrata",15.5,15.0975,24,"understory?",19,19,4,"subcanopy",28,10,"subcanopy"
"Annonaceae","Duguetia","echinophora",8,7.58,13,"understory?",16,16,44,"subcanopy",57,10,"subcanopy"
"Peraceae","Pera","glabrata",17.8,16.045,14,"subcanopy",22,21.925,4,"subcanopy",18,10,"subcanopy"
"Lauraceae","Licaria","guianensis",8.1,7.62,13,"understory?",17,16.525,20,"subcanopy",33,10,"subcanopy"
"Moraceae","Sorocea","guilleminiana",14.7,13.545,15,"understory?",16,16,38,"subcanopy",53,10,"subcanopy"
"Olacaceae","Chaunochiton","kappleri",22.8,19.695,50,"subcanopy",19,19,18,"subcanopy",68,10,"subcanopy"
"Elaeocarpaceae","Sloanea","pubescens",12.9,11.0575,12,"understory?",19,19,23,"subcanopy",35,10,"subcanopy"
"Lecythidaceae","Eschweilera","tessmannii",24.8,21.655,38,"subcanopy",21,21,19,"subcanopy",57,10,"subcanopy"
"Fabaceae","Inga","capitata",8.1,8.0025,14,"understory?",23,23,73,"subcanopy",87,9,"subcanopy"
"Moraceae","Brosimum","guianense",18.3,17.8325,12,"subcanopy",23,22.05,39,"subcanopy",51,9,"subcanopy"
"Fabaceae","Sclerolobium","guianense",18.5,16.16,27,"subcanopy",-Inf,NA,0,NA,27,9,"subcanopy"
"Chrysobalanaceae","Couepia","habrantha",9.4,9.28,13,"understory?",25,24.75,11,"subcanopy",24,9,"subcanopy"
"Sapotaceae","Ecclinusa","lanceolata",22.9,19.55,21,"subcanopy",19,19,14,"subcanopy",35,9,"subcanopy"
"Fabaceae","Swartzia","panacoco",23.9,22.5225,20,"subcanopy",25,24.2,9,"subcanopy",29,9,"subcanopy"
"Annonaceae","Xylopia","polyantha",8.8,8.305,12,"understory?",18,17.675,14,"subcanopy",26,9,"subcanopy"
"Melastomataceae","Miconia","pyrifolia",18.8,16.82,13,"subcanopy",24,22.05,60,"subcanopy",73,9,"subcanopy"
"Urticaceae","Cecropia","sciadophylla",18.3,17.74,33,"subcanopy",19,18.825,48,"subcanopy",81,9,"subcanopy"
"Bignoniaceae","Tabebuia","serratifolia",16.5,13.02,25,"understory?",22,19.75,16,"subcanopy",41,9,"subcanopy"
"Meliaceae","Guarea","silvatica",7,6.8,11,"understory?",16,15.7,13,"subcanopy",24,9,"subcanopy"
"Sapotaceae","Micropholis","venulosa",14.4,13.85,11,"understory?",26,24,42,"subcanopy",53,9,"subcanopy"
"Apocynaceae","Ambelania","acida",11.1,9.8,9,"understory?",16,16,14,"subcanopy",23,8,"subcanopy"
"Malvaceae","Sterculia","excelsa",20.8,16.62,80,"subcanopy",20,19.875,6,"subcanopy",86,8,"subcanopy"
"Chrysobalanaceae","Licania","hypoleuca",7.8,7.375,11,"understory?",19,18.725,12,"subcanopy",23,8,"subcanopy"
"Hypericaceae","Vismia","japurensis",13.6,12.025,22,"understory?",17,17,10,"subcanopy",32,8,"subcanopy"
"Chrysobalanaceae","Licania","laxiflora",9.2,9.1775,10,"understory?",19,18.025,14,"subcanopy",24,8,"subcanopy"
"Chrysobalanaceae","Licania","micrantha",8.8,8.605,14,"understory?",24,21.75,31,"subcanopy",45,8,"subcanopy"
"Fabaceae","Abarema","piresii",12.6,11.25,11,"understory?",19,18.85,3,"subcanopy",14,8,"subcanopy"
"Sapotaceae","Pouteria","caimito",24,21.6375,16,"subcanopy",22,22,41,"subcanopy",57,7,"subcanopy"
"Myristicaceae","Iryanthera","coriacea",5.3,5.195,7,"understory?",17,16.775,4,"subcanopy",11,7,"subcanopy"
"Malvaceae","Apeiba","echinata",20.5,20.14,19,"subcanopy",25,23.8,13,"subcanopy",32,7,"subcanopy"
"Sapotaceae","Pouteria","manaosensis",10.2,9.9075,14,"understory?",24,24,17,"subcanopy",31,7,"subcanopy"
"Fabaceae","Inga","obidensis",15.9,13.675,11,"understory?",19,19,6,"subcanopy",17,7,"subcanopy"
"Fabaceae","Vatairea","paraensis",10.7,9.79,8,"understory?",18,17.7,7,"subcanopy",15,7,"subcanopy"
"Myrtaceae","Eugenia","pseudopsidium",8.6,8.435,12,"understory?",33,24,21,"subcanopy",33,7,"subcanopy"
"Lauraceae","Rhodostemonodaphne","recurva",18.7,18.05,11,"subcanopy",-Inf,NA,0,NA,11,7,"subcanopy"
"Urticaceae","Cecropia","ulei",6.9,6.8725,12,"understory?",16,15.85,7,"subcanopy",19,7,"subcanopy"
"Moraceae","Trymatococcus","amazonicus",13.2,13.11,10,"understory?",17,16.05,39,"subcanopy",49,6,"subcanopy"
"Fabaceae","Peltogyne","catingae",21.2,21.08,9,"subcanopy",26,23.375,36,"subcanopy",45,6,"subcanopy"
"Combretaceae","Buchenavia","congesta",24.9,24.025,8,"subcanopy",17,16.375,6,"subcanopy",14,6,"subcanopy"
"Fabaceae","Swartzia","corrugata",18.7,16.725,11,"subcanopy",15,14.3,15,"understory?",26,6,"subcanopy"
"Apocynaceae","Couma","guianensis",20.8,18.1875,12,"subcanopy",10,10,1,"understory?",13,6,"subcanopy"
"Humiriaceae","Sacoglottis","guianensis",17.4,15.685,8,"subcanopy",20,19.825,8,"subcanopy",16,6,"subcanopy"
"Myristicaceae","Iryanthera","laevis",12.3,11.2325,8,"understory?",17,16.5,21,"subcanopy",29,6,"subcanopy"
"Fabaceae","Sclerolobium","melanocarpum",25.1,24.38,13,"subcanopy",32,24.3,23,"subcanopy",36,6,"subcanopy"
"Urticaceae","Cecropia","purpurascens",16.2,15.8625,28,"subcanopy",15,14.4,25,"understory?",53,6,"subcanopy"
"Chrysobalanaceae","Licania","sprucei",11.1,10.785,15,"understory?",20,19.45,52,"subcanopy",67,6,"subcanopy"
"Opiliaceae","Agonandra","sylvatica",13.6,12.6,17,"understory?",19,18.55,10,"subcanopy",27,6,"subcanopy"
"Salicaceae","Casearia","sylvestris",14.9,14.815,18,"understory?",18,17.15,35,"subcanopy",53,6,"subcanopy"
"Chrysobalanaceae","Licania","canescens",15.4,14.86,13,"understory?",26,22.675,20,"subcanopy",33,5,"subcanopy"
"Melastomataceae","Miconia","elaeagnoides",14.1,13.425,11,"understory?",19,18,41,"subcanopy",52,5,"subcanopy"
"Celastraceae","Maytenus","guianensis",18.6,17.5075,20,"subcanopy",-Inf,NA,0,NA,20,5,"subcanopy"
"Moraceae","Pseudolmedia","laevigata",14.8,13.96,8,"understory?",19,18.85,3,"subcanopy",11,5,"subcanopy"
"Rubiaceae","Psychotria","mapourioides",7.1,6.85,6,"understory?",16,16,1,"subcanopy",7,5,"subcanopy"
"Lauraceae","Licaria","martiniana",8.7,8.5425,8,"understory?",18,16.8,17,"subcanopy",25,5,"subcanopy"
"Sapotaceae","Pouteria","opposita",13.7,12.9475,8,"understory?",19,19,17,"subcanopy",25,5,"subcanopy"
"Lauraceae","Aniba","panurensis",8.9,8.375,6,"understory?",18,17.85,2,"subcanopy",8,5,"subcanopy"
"Fabaceae","Ormosia","paraensis",6.8,6.725,11,"understory?",23,22.75,11,"subcanopy",22,5,"subcanopy"
"Burseraceae","Protium","robustum",6.5,6.48,9,"understory?",16,15.6,9,"subcanopy",18,5,"subcanopy"
"Meliaceae","Trichilia","rubra",7,6.65,6,"understory?",20,17.825,30,"subcanopy",36,5,"subcanopy"
"Lauraceae","Ocotea","splendens",18.3,17.2,9,"subcanopy",21,20.45,23,"subcanopy",32,5,"subcanopy"
"Apocynaceae","Himatanthus","stenophyllus",19.8,18.81,13,"subcanopy",18,17.9,5,"subcanopy",18,5,"subcanopy"
"Annonaceae","Onychopetalum","amazonicum",12.8,12.29,7,"understory?",19,18,51,"subcanopy",58,4,"subcanopy"
"Chrysobalanaceae","Licania","blackii",19.9,19.45,13,"subcanopy",19,19,9,"subcanopy",22,4,"subcanopy"
"Clusiaceae","Tovomita","caloneura",7.6,7.525,6,"understory?",16,15.875,6,"subcanopy",12,4,"subcanopy"
"Fabaceae","Parkia","decussata",10.7,10.34,7,"understory?",28,20.8,33,"subcanopy",40,4,"subcanopy"
"Chrysobalanaceae","Couepia","excelsa",15,14.6125,6,"understory?",21,20.725,52,"subcanopy",58,4,"subcanopy"
"Sapotaceae","Pouteria","jariensis",6.4,6.28,5,"understory?",19,19,20,"subcanopy",25,4,"subcanopy"
"Lecythidaceae","Eschweilera","micrantha",9.9,9.54,7,"understory?",25,24,83,"subcanopy",90,4,"subcanopy"
"Lauraceae","Ocotea","minor",4.5,4.4775,4,"understory?",19,19,7,"subcanopy",11,4,"subcanopy"
"Malvaceae","Sterculia","pruriens",20,18.05,11,"subcanopy",21,18.8,12,"subcanopy",23,4,"subcanopy"
"Lecythidaceae","Couratari","tauari",27.4,22.505,12,"subcanopy",18,17.1,13,"subcanopy",25,4,"subcanopy"
"Sapotaceae","Micropholis","trunciflora",26.1,25.0325,8,"subcanopy",18,15.875,18,"subcanopy",26,4,"subcanopy"
"Sapotaceae","Pouteria","ambelaniifolia",10.4,10.08,5,"understory?",20,19.425,24,"subcanopy",29,3,"subcanopy"
"Olacaceae","Heisteria","barbata",18.3,17.94,9,"subcanopy",17,16.5,6,"subcanopy",15,3,"subcanopy"
"Meliaceae","Guarea","carinata",8.6,8.41,5,"understory?",20,16.8,33,"subcanopy",38,3,"subcanopy"
"Burseraceae","Protium","crassipetalum",7.7,7.49,5,"understory?",18,17.775,10,"subcanopy",15,3,"subcanopy"
"Chrysobalanaceae","Couepia","elata",13.4,13.085,7,"understory?",23,22.8,9,"subcanopy",16,3,"subcanopy"
"Lauraceae","Aniba","ferrea",21.3,19.475,6,"subcanopy",16,16,4,"subcanopy",10,3,"subcanopy"
"Violaceae","Leonia","glycycarpa",13.6,13.4,9,"understory?",16,16,13,"subcanopy",22,3,"subcanopy"
"Vochysiaceae","Erisma","gracile",9.4,9.06,5,"understory?",20,19.925,4,"subcanopy",9,3,"subcanopy"
"Fabaceae","Hymenaea","intermedia",6.2,6.1475,4,"understory?",26,25.475,8,"subcanopy",12,3,"subcanopy"
"Euphorbiaceae","Croton","lanjouwensis",18.1,17.995,15,"subcanopy",22,20.875,16,"subcanopy",31,3,"subcanopy"
"Chrysobalanaceae","Licania","membranacea",22.8,22.73,29,"subcanopy",14,13.825,8,"understory?",37,3,"subcanopy"
"Myristicaceae","Virola","michelii",18.3,17.875,11,"subcanopy",23,22.625,16,"subcanopy",27,3,"subcanopy"
"Myristicaceae","Virola","multinervia",6,5.9625,4,"understory?",19,18.575,18,"subcanopy",22,3,"subcanopy"
"Malvaceae","Bombacopsis","nervosa",8.9,8.75,7,"understory?",18,18,11,"subcanopy",18,3,"subcanopy"
"Fabaceae","Paramachaerium","ormosioides",15.9,15.11,5,"understory?",23,20.95,203,"subcanopy",208,3,"subcanopy"
"Myrtaceae","Eugenia","patrisii",8.7,8.385,4,"understory?",16,16,10,"subcanopy",14,3,"subcanopy"
"Myristicaceae","Iryanthera","polyneura",13.5,12.8925,4,"understory?",17,16.15,18,"subcanopy",22,3,"subcanopy"
"Chrysobalanaceae","Licania","sandwithii",20.8,20.49,32,"subcanopy",21,20,44,"subcanopy",76,3,"subcanopy"
"Fabaceae","Swartzia","tessmannii",8.2,7.9375,4,"understory?",17,17,10,"subcanopy",14,3,"subcanopy"
"Myrtaceae","Eugenia","agathopoda",4.2,4.1825,2,"understory?",17,17,7,"subcanopy",9,2,"subcanopy"
"Vochysiaceae","Ruizterania","albiflora",22.9,22.52,9,"subcanopy",-Inf,NA,0,NA,9,2,"subcanopy"
"Apocynaceae","Aspidosperma","aracanga",25.9,24.825,3,"subcanopy",-Inf,NA,0,NA,3,2,"subcanopy"
"Chrysobalanaceae","Couepia","caryophylloides",12.2,11.845,3,"understory?",21,20,49,"subcanopy",52,2,"subcanopy"
"Fabaceae","Abarema","curvicarpa",20.4,19.655,3,"subcanopy",-Inf,NA,0,NA,3,2,"subcanopy"
"Myrtaceae","Eugenia","cuspidifolia",5.1,5.06,2,"understory?",18,18,11,"subcanopy",13,2,"subcanopy"
"Sapotaceae","Pouteria","durlandii",20.5,19.98,5,"subcanopy",-Inf,NA,0,NA,5,2,"subcanopy"
"Elaeocarpaceae","Sloanea","excelsa",9.3,9.075,3,"understory?",19,18.9,5,"subcanopy",8,2,"subcanopy"
"Fabaceae","Batesia","floribunda",4.5,4.4775,2,"understory?",19,19,7,"subcanopy",9,2,"subcanopy"
"Burseraceae","Protium","heptaphyllum",9.9,9.75,6,"understory?",16,15.75,11,"subcanopy",17,2,"subcanopy"
"Melastomataceae","Mouriri","huberi",20.8,19.69,4,"subcanopy",23,23,8,"subcanopy",12,2,"subcanopy"
"Fabaceae","Swartzia","ingifolia",6.2,6.125,3,"understory?",21,19.625,12,"subcanopy",15,2,"subcanopy"
"Fabaceae","Inga","lateriflora",4,3.9975,2,"understory?",18,18,5,"subcanopy",7,2,"subcanopy"
"Lauraceae","Ocotea","leucoxylon",9.5,9.2075,4,"understory?",19,19,6,"subcanopy",10,2,"subcanopy"
"Humiriaceae","Vantanea","macrocarpa",21.7,20.835,3,"subcanopy",21,20.5,21,"subcanopy",24,2,"subcanopy"
"Quiinaceae","Lacunaria","macrostachya",5.3,5.2575,2,"understory?",17,16.925,4,"subcanopy",6,2,"subcanopy"
"Lauraceae","Ocotea","matogrossensis",7.7,7.51,3,"understory?",25,24.35,14,"subcanopy",17,2,"subcanopy"
"Fabaceae","Inga","melinonis",17.2,16.57,3,"subcanopy",-Inf,NA,0,NA,3,2,"subcanopy"
"Myristicaceae","Virola","mollissima",13,12.79,7,"understory?",18,17.625,16,"subcanopy",23,2,"subcanopy"
"Melastomataceae","Mouriri","nigra",3.6,3.5925,2,"understory?",21,20.725,12,"subcanopy",14,2,"subcanopy"
"Chrysobalanaceae","Licania","occultans",7.4,7.3025,4,"understory?",21,20.675,14,"subcanopy",18,2,"subcanopy"
"Fabaceae","Peltogyne","paniculata",20.9,20.7875,6,"subcanopy",26,23.375,22,"subcanopy",28,2,"subcanopy"
"Fabaceae","Stryphnodendron","paniculatum",4.7,4.6725,2,"understory?",26,25.4,9,"subcanopy",11,2,"subcanopy"
"Fabaceae","Dimorphandra","parviflora",4.5,4.47,2,"understory?",19,19,2,"subcanopy",4,2,"subcanopy"
"Myristicaceae","Virola","pavonis",4.2,4.1825,2,"understory?",23,22.85,7,"subcanopy",9,2,"subcanopy"
"Sapotaceae","Chrysophyllum","sanguinolentum",18,17.07,4,"subcanopy",24,24,56,"subcanopy",60,2,"subcanopy"
"Meliaceae","Trichilia","septentrionalis",9.2,9.17,5,"understory?",16,16,19,"subcanopy",24,2,"subcanopy"
"Sapotaceae","Micropholis","splendens",8.3,8.115,3,"understory?",25,25,1,"subcanopy",4,2,"subcanopy"
"Sapindaceae","Matayba","stenodictya",17.7,17.085,3,"subcanopy",18,17.925,4,"subcanopy",7,2,"subcanopy"
"Sapotaceae","Pouteria","stylifera",5.7,5.69,3,"understory?",25,23.975,42,"subcanopy",45,2,"subcanopy"
"Sapotaceae","Pouteria","transparente",17,16.44,8,"subcanopy",-Inf,NA,0,NA,8,2,"subcanopy"
"Fabaceae","Diplotropis","triloba",13.1,12.675,3,"understory?",23,23,6,"subcanopy",9,2,"subcanopy"
"Fabaceae","Parkia","velutina",22.8,21.795,4,"subcanopy",-Inf,NA,0,NA,4,2,"subcanopy"
"Burseraceae","Protium","amazonicum",7.5,7.4025,2,"understory?",18,18,14,"subcanopy",16,1,"subcanopy"
"Chrysobalanaceae","Licania","apetala",15.9,15.37,5,"understory?",21,21,25,"subcanopy",30,1,"subcanopy"
"Lauraceae","Ocotea","ceanothifolia",11.2,11.035,2,"understory?",22,21.275,30,"subcanopy",32,1,"subcanopy"
"Fabaceae","Sclerolobium","chrysophyllum",20.8,20.72,5,"subcanopy",24,21.975,10,"subcanopy",15,1,"subcanopy"
"Chrysobalanaceae","Hirtella","conduplicata",5.5,5.5,1,"understory?",18,18,3,"subcanopy",4,1,"subcanopy"
"Rubiaceae","Capirona","decorticans",9.9,9.7125,4,"understory?",17,17,1,"subcanopy",5,1,"subcanopy"
"Melastomataceae","Bellucia","dichotoma",7.1,7.0025,2,"understory?",17,16.85,7,"subcanopy",9,1,"subcanopy"
"Fabaceae","Platymiscium","duckei",6.1,6.045,2,"understory?",23,22.125,6,"subcanopy",8,1,"subcanopy"
"Fabaceae","Balizia","elegans",4.8,4.8,1,"understory?",22,21.65,8,"subcanopy",9,1,"subcanopy"
"Moraceae","Helicostylis","elegans",9.3,9.125,6,"understory?",17,16.95,3,"subcanopy",9,1,"subcanopy"
"Fabaceae","Abarema","floribunda",6.3,6.28,2,"understory?",17,16.85,2,"subcanopy",4,1,"subcanopy"
"Euphorbiaceae","Alchorneopsis","floribunda",13,12.945,3,"understory?",22,21.65,8,"subcanopy",11,1,"subcanopy"
"Myrtaceae","Myrciaria","floribunda",3.8,3.8,1,"understory?",18,18,21,"subcanopy",22,1,"subcanopy"
"Malvaceae","Sterculia","frondosa",22.2,20.245,18,"subcanopy",23,23,29,"subcanopy",47,1,"subcanopy"
"Burseraceae","Trattinnickia","glaziovii",5.5,5.5,1,"understory?",21,20.1,13,"subcanopy",14,1,"subcanopy"
"Fabaceae","Ormosia","grandiflora",4.7,4.7,1,"understory?",21,21,1,"subcanopy",2,1,"subcanopy"
"Melastomataceae","Miconia","gratissima",4.2,4.2,1,"understory?",16,15.9,2,"subcanopy",3,1,"subcanopy"
"Fabaceae","Ormosia","grossa",23.6,23.1175,2,"subcanopy",-Inf,NA,0,NA,2,1,"subcanopy"
"Fabaceae","Dialium","guianense",20.6,20.525,6,"subcanopy",21,21,9,"subcanopy",15,1,"subcanopy"
"Combretaceae","Buchenavia","guianensis",3.6,3.6,1,"understory?",17,17,3,"subcanopy",4,1,"subcanopy"
"Lecythidaceae","Couratari","guianensis",9.8,9.675,3,"understory?",25,23.25,11,"subcanopy",14,1,"subcanopy"
"Olacaceae","Dulacia","guianensis",6.6,6.515,2,"understory?",18,18,6,"subcanopy",8,1,"subcanopy"
"Sapindaceae","Toulicia","guianensis",17.3,16.86,3,"subcanopy",16,16,11,"subcanopy",14,1,"subcanopy"
"Fabaceae","Abarema","jupunba",3.9,3.9,1,"understory?",26,24.7,14,"subcanopy",15,1,"subcanopy"
"Meliaceae","Guarea","kunthiana",3.3,3.3,1,"understory?",17,17,14,"subcanopy",15,1,"subcanopy"
"Lecythidaceae","Eschweilera","laevicarpa",18.5,18.25,3,"subcanopy",-Inf,NA,0,NA,3,1,"subcanopy"
"Chrysobalanaceae","Licania","laevigata",17.8,17.2925,8,"subcanopy",13,12.925,4,"understory?",12,1,"subcanopy"
"Sapotaceae","Pouteria","laevigata",13.4,12.8975,4,"understory?",21,21,8,"subcanopy",12,1,"subcanopy"
"Olacaceae","Heisteria","laxiflora",17.2,17.035,12,"subcanopy",19,19,35,"subcanopy",47,1,"subcanopy"
"Elaeocarpaceae","Sloanea","laxiflora",4.5,4.5,1,"understory?",24,24,7,"subcanopy",8,1,"subcanopy"
"Myrtaceae","Calyptranthes","macrophylla",9.1,8.99,2,"understory?",19,18.85,44,"subcanopy",46,1,"subcanopy"
"Annonaceae","Duguetia","megalocarpa",11.5,11.325,3,"understory?",17,17,6,"subcanopy",9,1,"subcanopy"
"Fabaceae","Abarema","microcalyx",4.5,4.5,1,"understory?",23,22.6,3,"subcanopy",4,1,"subcanopy"
"Fabaceae","Dimorphandra","multiflora",7.2,7.1275,2,"understory?",26,24.775,8,"subcanopy",10,1,"subcanopy"
"Fabaceae","Swartzia","oblanceolata",6.6,6.5725,2,"understory?",16,15.625,16,"subcanopy",18,1,"subcanopy"
"Fabaceae","Pterocarpus","officinalis",19.5,19.1,3,"subcanopy",-Inf,NA,0,NA,3,1,"subcanopy"
"Lauraceae","Licaria","pachycarpa",7.9,7.88,3,"understory?",21,19.5,16,"subcanopy",19,1,"subcanopy"
"Fabaceae","Tachigali","paniculata",6.7,6.7,4,"understory?",16,15.55,19,"subcanopy",23,1,"subcanopy"
"Fabaceae","Dicorynia","paraensis",24.5,23.41,5,"subcanopy",-Inf,NA,0,NA,5,1,"subcanopy"
"Malvaceae","Sterculia","parviflora",18.7,17.525,11,"subcanopy",18,18,27,"subcanopy",38,1,"subcanopy"
"Rhizophoraceae","Cassipourea","peruviana",5.7,5.665,2,"understory?",16,16,14,"subcanopy",16,1,"subcanopy"
"Lecythidaceae","Lecythis","pisonis",20.2,19.8325,2,"subcanopy",20,20,1,"subcanopy",3,1,"subcanopy"
"Sapotaceae","Pouteria","platyphylla",3.5,3.5,1,"understory?",19,17.8,25,"subcanopy",26,1,"subcanopy"
"Fabaceae","Stryphnodendron","pulcherrimum",11.1,10.9025,2,"understory?",20,18.75,26,"subcanopy",28,1,"subcanopy"
"Lauraceae","Ocotea","rhynchophylla",8,7.8975,2,"understory?",22,21.125,8,"subcanopy",10,1,"subcanopy"
"Burseraceae","Protium","sagotianum",5.5,5.5,1,"understory?",19,19,36,"subcanopy",37,1,"subcanopy"
"Moraceae","Maquira","sclerophylla",20.6,20.2,6,"subcanopy",26,24,64,"subcanopy",70,1,"subcanopy"
"Euphorbiaceae","Micrandra","siphonioides",16.9,16.37,3,"subcanopy",-Inf,NA,0,NA,3,1,"subcanopy"
"Elaeocarpaceae","Sloanea","synandra",7.8,7.695,2,"understory?",22,21.65,15,"subcanopy",17,1,"subcanopy"
"Combretaceae","Buchenavia","tomentosa",16.7,16.185,3,"subcanopy",20,20,8,"subcanopy",11,1,"subcanopy"
"Urticaceae","Coussapoa","trinervia",23.3,22.73,3,"subcanopy",-Inf,NA,0,NA,3,1,"subcanopy"
"Fabaceae","Andira","unifoliolata",20.5,20.31,3,"subcanopy",24,24,26,"subcanopy",29,1,"subcanopy"
"Sapotaceae","Pradosia","verticillata",20.1,19.0875,4,"subcanopy",14,14,1,"understory?",5,1,"subcanopy"
"Sapindaceae","Matayba","arborescens",6.3,6.3,1,"understory?",20,19.9,2,"subcanopy",3,0,"subcanopy"
"Arecaceae","Oenocarpus","bataua",14.5,14.44,2,"understory?",16,16,15,"subcanopy",17,0,"subcanopy"
"Cardiopteridaceae","Dendrobangia","boliviana",9.6,9.6,1,"understory?",20,19.175,12,"subcanopy",13,0,"subcanopy"
"Myristicaceae","Virola","caducifolia",19.5,19.12,3,"subcanopy",20,19.875,2,"subcanopy",5,0,"subcanopy"
"Hypericaceae","Vismia","cayennensis",9.1,9.1,1,"understory?",16,15.725,12,"subcanopy",13,0,"subcanopy"
"Lecythidaceae","Lecythis","chartacea",22.6,22.6,1,"subcanopy",25,25,12,"subcanopy",13,0,"subcanopy"
"Fabaceae","Inga","cordatoalata",16.6,16.485,3,"subcanopy",15,14.9,3,"understory?",6,0,"subcanopy"
"Sapotaceae","Micropholis","cylindrocarpa",5.7,5.7,1,"understory?",20,18.425,22,"subcanopy",23,0,"subcanopy"
"Melastomataceae","Mouriri","dimorphandra",22.9,22.585,2,"subcanopy",-Inf,NA,0,NA,2,0,"subcanopy"
"Urticaceae","Cecropia","distachya",11.4,11.2625,2,"understory?",16,15.9,5,"subcanopy",7,0,"subcanopy"
"Rutaceae","Zanthoxylum","djalma-batistae",18.2,18.035,3,"subcanopy",-Inf,NA,0,NA,3,0,"subcanopy"
"Malpighiaceae","Byrsonima","duckeana",17.9,17.9,1,"subcanopy",11,11,8,"understory?",9,0,"subcanopy"
"Melastomataceae","Mouriri","duckeana",20.8,20.8,1,"subcanopy",-Inf,NA,0,NA,1,0,"subcanopy"
"Myristicaceae","Iryanthera","elliptica",5.7,5.7,1,"understory?",22,21.55,10,"subcanopy",11,0,"subcanopy"
"Apocynaceae","Aspidosperma","eteanum",17.8,17.8,1,"subcanopy",-Inf,NA,0,NA,1,0,"subcanopy"
"Sapotaceae","Pouteria","flavilatex",13.4,13.325,2,"understory?",24,24,13,"subcanopy",15,0,"subcanopy"
"Nyctaginaceae","Neea","floribunda",20.3,20.185,2,"subcanopy",-Inf,NA,0,NA,2,0,"subcanopy"
"Sapotaceae","Pouteria","freitasii",22.9,22.325,3,"subcanopy",23,23,39,"subcanopy",42,0,"subcanopy"
"Lauraceae","Aiouea","grandifolia",22.4,22.4,1,"subcanopy",23,22.675,14,"subcanopy",15,0,"subcanopy"
"Euphorbiaceae","Maprounea","guianensis",20,19.345,3,"subcanopy",-Inf,NA,0,NA,3,0,"subcanopy"
"Simaroubaceae","Simaba","guianensis",15.1,14.25,6,"understory?",19,18.625,4,"subcanopy",10,0,"subcanopy"
"Euphorbiaceae","Conceveiba","hostmannii",17.1,16.88,2,"subcanopy",27,25,65,"subcanopy",67,0,"subcanopy"
"Annonaceae","Rollinia","insignis",15.6,15.3775,2,"understory?",23,22.4,13,"subcanopy",15,0,"subcanopy"
"Aquifoliaceae","Ilex","inundata",20.3,20.3,1,"subcanopy",-Inf,NA,0,NA,1,0,"subcanopy"
"Moraceae","Brosimum","lactescens",18.1,18.1,1,"subcanopy",20,20,15,"subcanopy",16,0,"subcanopy"
"Myristicaceae","Iryanthera","lancifolia",18.2,18.2,1,"subcanopy",-Inf,NA,0,NA,1,0,"subcanopy"
"Chrysobalanaceae","Licania","latifolia",7.7,7.7,1,"understory?",19,19,1,"subcanopy",2,0,"subcanopy"
"Urticaceae","Pourouma","melinonii",10,10,1,"understory?",18,17.8,5,"subcanopy",6,0,"subcanopy"
"Sapindaceae","Talisia","microphylla",6.7,6.675,2,"understory?",18,17.325,10,"subcanopy",12,0,"subcanopy"
"Lecythidaceae","Couratari","multiflora",21,20.37,4,"subcanopy",15,15,5,"understory?",9,0,"subcanopy"
"Sapotaceae","Pouteria","multiflora",13.8,13.8,1,"understory?",23,21.65,19,"subcanopy",20,0,"subcanopy"
"Lauraceae","Aiouea","myristicoides",15.1,15.02,2,"understory?",17,17,7,"subcanopy",9,0,"subcanopy"
"Vochysiaceae","Vochysia","obidensis",9.6,9.6,1,"understory?",26,24,57,"subcanopy",58,0,"subcanopy"
"Lauraceae","Ocotea","oblonga",11.3,11.3,1,"understory?",25,25,1,"subcanopy",2,0,"subcanopy"
"Urticaceae","Coussapoa","orthoneura",19,19,1,"subcanopy",17,17,1,"subcanopy",2,0,"subcanopy"
"Chrysobalanaceae","Licania","pallida",19,18.475,6,"subcanopy",22,21.65,15,"subcanopy",21,0,"subcanopy"
"Humiriaceae","Vantanea","parviflora",21.1,21.1,1,"subcanopy",28,25,81,"subcanopy",82,0,"subcanopy"
"Fabaceae","Inga","pezizifera",20.7,20.4225,2,"subcanopy",19,19,1,"subcanopy",3,0,"subcanopy"
"Lecythidaceae","Lecythis","poiteaui",13.4,13.4,1,"understory?",19,19,41,"subcanopy",42,0,"subcanopy"
"Salicaceae","Laetia","procera",25.9,25.185,14,"subcanopy",21,21,17,"subcanopy",31,0,"subcanopy"
"Lecythidaceae","Eschweilera","rankiniae",6.4,6.4,1,"understory?",21,20,62,"subcanopy",63,0,"subcanopy"
"Lecythidaceae","Corythophora","rimosa",6.3,6.3,1,"understory?",24,24,28,"subcanopy",29,0,"subcanopy"
"Chrysobalanaceae","Licania","rufescens",10.6,10.6,1,"understory?",20,20,13,"subcanopy",14,0,"subcanopy"
"Chrysobalanaceae","Couepia","sandwithii",9.5,9.385,3,"understory?",16,16,1,"subcanopy",4,0,"subcanopy"
"Boraginaceae","Cordia","sellowiana",7.1,7.1,1,"understory?",16,16,7,"subcanopy",8,0,"subcanopy"
"Malpighiaceae","Byrsonima","stipulacea",20.6,20.46,15,"subcanopy",18,18,21,"subcanopy",36,0,"subcanopy"
"Lauraceae","Mezilaurus","synandra",15.5,15.5,1,"understory?",17,17,1,"subcanopy",2,0,"subcanopy"
"Chrysobalanaceae","Couepia","ulei",17.7,17.4875,2,"subcanopy",13,12.9,3,"understory?",5,0,"subcanopy"
"Fabaceae","Tachigali","venusta",17.5,17.4925,4,"subcanopy",22,22,12,"subcanopy",16,0,"subcanopy"
"Sapotaceae","Pouteria","virescens",16.9,16.9,1,"subcanopy",25,22.75,31,"subcanopy",32,0,"subcanopy"
"Combretaceae","Buchenavia","viridiflora",12.4,12.25,3,"understory?",19,18.8,9,"subcanopy",12,0,"subcanopy"
"Apocynaceae","Aspidosperma","williamsii",17.6,17.6,1,"subcanopy",22,21.175,34,"subcanopy",35,0,"subcanopy"
"Burseraceae","Protium","pilosissimum",15.9,9.805,319,"understory",33,31.85,3,"emergent",322,208,"emergent"
"Combretaceae","Buchenavia","grandis",28.4,21.555,154,"subcanopy",41,35.5,23,"emergent",177,99,"emergent"
"Sapotaceae","Manilkara","huberi",29.1,27.725,127,"canopy",33,32,69,"emergent",196,66,"emergent"
"Anacardiaceae","Anacardium","parvifolium",26.8,25.225,103,"subcanopy",31,30.625,16,"emergent",119,56,"emergent"
"Goupiaceae","Goupia","glabra",30.3,27.64,113,"canopy",34,31,53,"emergent",166,53,"emergent"
"Lauraceae","Ocotea","canaliculata",11.4,9.565,68,"understory?",32,32,15,"emergent",83,51,"emergent"
"Apocynaceae","Aspidosperma","carapanauba",33.6,30.8175,60,"emergent",34,33.675,14,"emergent",74,30,"emergent"
"Caryocaraceae","Caryocar","glabrum",10.6,9.16,25,"understory?",35,34.25,11,"emergent",36,17,"emergent"
"Caryocaraceae","Caryocar","villosum",36.4,30.32,45,"canopy",42,39.4,14,"emergent",59,17,"emergent"
"Fabaceae","Swartzia","schomburgkii",39.5,33.38,17,"emergent",33,32.475,8,"emergent",25,14,"emergent"
"Fabaceae","Parkia","multijuga",31.7,30.725,27,"emergent",37,32.5,31,"emergent",58,5,"emergent"
"Fabaceae","Swartzia","polyphylla",9.1,8.72,5,"understory?",40,39.025,40,"emergent",45,4,"emergent"
"Vochysiaceae","Erisma","uncinatum",34.5,31.0375,6,"emergent",30,29.7,3,"canopy",9,4,"emergent"
"Apocynaceae","Aspidosperma","marcgravianum",14.2,14.17,5,"understory?",33,32.2,17,"emergent",22,3,"emergent"
"Lecythidaceae","Lecythis","zabucajo",21.4,19.7375,8,"subcanopy",38,35.6,25,"emergent",33,3,"emergent"
"Fabaceae","Parkia","pendula",29.4,29.145,7,"canopy",36,34,11,"emergent",18,2,"emergent"
"Apocynaceae","Aspidosperma","oblongum",4.2,4.2,1,"understory?",31,31,26,"emergent",27,1,"emergent"
"Caryocaraceae","Caryocar","pallidum",35.3,35.17,14,"emergent",30,28.4,17,"canopy",31,1,"emergent"
"Fabaceae","Parkia","panurensis",23.9,23.205,3,"subcanopy",32,31.775,4,"emergent",7,1,"emergent"
"Fabaceae","Dinizia","excelsa",36.6,33.9,31,"emergent",44,42.95,15,"emergent",46,0,"emergent"
"Lecythidaceae","Cariniana","micrantha",38.7,38.525,8,"emergent",32,31.65,15,"emergent",23,0,"emergent"
"Olacaceae","Minquartia","guianensis",31.7,23,945,"subcanopy",30,25.625,296,"canopy",1241,459,"canopy"
"Malvaceae","Scleronema","micranthum",29.1,22.4,754,"subcanopy",33,26,282,"canopy",1036,254,"canopy"
"Sapotaceae","Pouteria","resinosa",22.9,16.45,196,"subcanopy",28,27.1,19,"canopy",215,121,"canopy"
"Apocynaceae","Geissospermum","argenteum",27.6,24.0425,224,"subcanopy",30,27.05,160,"canopy",384,82,"canopy"
"Chrysobalanaceae","Parinari","montana",9.1,7.875,66,"understory?",28,27.925,4,"canopy",70,56,"canopy"
"Lecythidaceae","Lecythis","prancei",26.4,22.9925,124,"subcanopy",28,25.875,166,"canopy",290,54,"canopy"
"Lecythidaceae","Eschweilera","pseudodecolorans",28.7,25.05,171,"subcanopy",31,28.025,120,"canopy",291,52,"canopy"
"Sapotaceae","Pouteria","hispida",19.5,15.2975,82,"understory?",27,27,39,"canopy",121,51,"canopy"
"Humiriaceae","Endopleura","uchi",23,21.3,76,"subcanopy",27,26.25,16,"canopy",92,43,"canopy"
"Sapotaceae","Chrysophyllum","lucentifolium",21.6,19.7525,48,"subcanopy",27,26.175,12,"canopy",60,37,"canopy"
"Sapotaceae","Pouteria","guianensis",25.6,22.84,53,"subcanopy",30,27.95,83,"canopy",136,32,"canopy"
"Moraceae","Brosimum","parinarioides",19.4,17.265,50,"subcanopy",26,26,25,"canopy",75,27,"canopy"
"Apocynaceae","Aspidosperma","nitidum",30.9,30.445,67,"canopy",-Inf,NA,0,NA,67,23,"canopy"
"Fabaceae","Dipteryx","odorata",25.7,23.02,50,"subcanopy",29,28.425,24,"canopy",74,23,"canopy"
"Combretaceae","Buchenavia","parvifolia",20.2,19.7,41,"subcanopy",29,29,25,"canopy",66,22,"canopy"
"Solanaceae","Duckeodendron","cestroides",30,27.03,28,"canopy",31,30,49,"canopy",77,17,"canopy"
"Lauraceae","Sextonia","rubra",14.4,13.84,29,"understory?",31,30.1,19,"canopy",48,17,"canopy"
"Chrysobalanaceae","Licania","niloi",8.4,8.3,21,"understory?",26,25.75,11,"canopy",32,15,"canopy"
"Moraceae","Brosimum","rubescens",23.8,22.52,45,"subcanopy",27,26.15,75,"canopy",120,15,"canopy"
"Fabaceae","Inga","alba",6.2,5.9075,14,"understory?",27,27,6,"canopy",20,13,"canopy"
"Vochysiaceae","Erisma","bicolor",10.5,10.335,23,"understory?",31,27.025,54,"canopy",77,13,"canopy"
"Sapotaceae","Chrysophyllum","sparsiflorum",7.3,7.0025,18,"understory?",26,25.6,5,"canopy",23,12,"canopy"
"Anacardiaceae","Anacardium","spruceanum",26.9,23.45,24,"subcanopy",26,26,18,"canopy",42,11,"canopy"
"Sapotaceae","Manilkara","cavalcantei",28.6,28.25,29,"canopy",-Inf,NA,0,NA,29,10,"canopy"
"Vochysiaceae","Erisma","fuscum",29,26.9,16,"canopy",30,28.6,8,"canopy",24,9,"canopy"
"Fabaceae","Andira","micrantha",20,19.88,25,"subcanopy",30,28.9,23,"canopy",48,9,"canopy"
"Fabaceae","Tachigali","plumbea",22.6,21.48,15,"subcanopy",29,28.025,40,"canopy",55,6,"canopy"
"Chrysobalanaceae","Licania","unguiculata",27.4,27.015,12,"canopy",25,24.575,18,"subcanopy",30,6,"canopy"
"Sapotaceae","Chrysophyllum","wilsonii",6.6,6.435,7,"understory?",28,28,18,"canopy",25,6,"canopy"
"Malvaceae","Catostemma","albuquerquei",19,18.49,13,"subcanopy",28,26.275,24,"canopy",37,5,"canopy"
"Lecythidaceae","Lecythis","gracieana",7.6,7.6,9,"understory?",27,26.3,8,"canopy",17,5,"canopy"
"Fabaceae","Dipteryx","punctata",13.9,12.99,5,"understory?",30,30,15,"canopy",20,4,"canopy"
"Elaeocarpaceae","Sloanea","eichleri",9.5,9.24,5,"understory?",36,27.675,38,"canopy",43,3,"canopy"
"Chrysobalanaceae","Parinari","parvifolia",3.5,3.49,3,"understory?",26,25.95,2,"canopy",5,3,"canopy"
"Moraceae","Brosimum","acutifolium",22.4,22.13,10,"subcanopy",26,25.7,13,"canopy",23,2,"canopy"
"Lauraceae","Ocotea","cinerea",6.7,6.63,3,"understory?",28,27.35,54,"canopy",57,2,"canopy"
"Vochysiaceae","Qualea","homosepala",20.1,19.32,3,"subcanopy",29,29,8,"canopy",11,2,"canopy"
"Fabaceae","Dipteryx","magnifica",30.3,28.7325,12,"canopy",30,30,19,"canopy",31,2,"canopy"
"Fabaceae","Hymenaea","parvifolia",27.2,26.095,3,"canopy",20,19.475,8,"subcanopy",11,2,"canopy"
"Fabaceae","Pseudopiptadenia","psilostachya",27.6,27.42,13,"canopy",24,24,26,"subcanopy",39,2,"canopy"
"Moraceae","Clarisia","racemosa",30.3,29.46,7,"canopy",31,30.15,18,"canopy",25,2,"canopy"
"Moraceae","Ficus","guianensis",3.9,3.9,1,"understory?",29,28.975,2,"canopy",3,1,"canopy"
"Proteaceae","Panopsis","sessilifolia",23.6,23.09,2,"subcanopy",29,29,8,"canopy",10,1,"canopy"
"Burseraceae","Trattinnickia","burserifolia",29.3,29.01,5,"canopy",19,18.9,2,"subcanopy",7,0,"canopy"
"Vochysiaceae","Ruizterania","cassiquiarensis",30.1,29.3575,10,"canopy",-Inf,NA,0,NA,10,0,"canopy"
"Clusiaceae","Moronobea","coccinea",23.6,23.515,2,"subcanopy",28,28,6,"canopy",8,0,"canopy"
"Lecythidaceae","Cariniana","decandra",20.4,20.375,3,"subcanopy",27,26.65,15,"canopy",18,0,"canopy"
"Loganiaceae","Antonia","ovata",25.9,25.9,1,"canopy",-Inf,NA,0,NA,1,0,"canopy"
"Vochysiaceae","Qualea","paraensis",29.2,28.96,7,"canopy",29,29,29,"canopy",36,0,"canopy"
"Myristicaceae","Osteophloeum","platyspermum",24.2,24.0875,4,"subcanopy",29,28.525,20,"canopy",24,0,"canopy"
"Sapotaceae","Chrysophyllum","pomiferum",24.1,23.635,4,"subcanopy",30,29.15,18,"canopy",22,0,"canopy"
"Lecythidaceae","Lecythis","retusa",26.1,25.835,2,"canopy",17,17,3,"subcanopy",5,0,"canopy"
"Fabaceae","Enterolobium","schomburgkii",16,16,1,"subcanopy",29,28.8,9,"canopy",10,0,"canopy"
"Fabaceae","Pseudopiptadenia","suaveolens",13.3,13.3,1,"understory?",29,28.725,12,"canopy",13,0,"canopy"
